node_id,cx,cy,i,j,seed_row,seed_col,col_hat_float,row_hat_float,col_hat_round,row_hat_round,final_row,final_col,source,notes
n0,545.756066,820.859439,147,257,,,9.914423,13.048173,10,13,13,10,computed,
n1,497.417010,821.189935,134,259,,,9.054353,13.173122,9,13,13,9,computed,
n2,546.266067,771.570988,149,234,,,10.046741,11.611268,10,12,12,10,computed,
n3,595.462060,820.349437,166,256,,,11.171447,12.985699,11,13,13,11,computed,
n4,497.531981,771.060986,135,233,,,9.120512,11.548793,9,12,12,9,computed,
n5,545.586065,869.251051,146,283,,,9.848263,14.672502,10,15,15,10,computed,
n6,496.907008,868.741050,131,282,,,8.855876,14.610028,9,15,15,9,computed,
n7,596.232048,771.060986,169,233,,,11.369925,11.548793,11,12,12,11,computed,
n8,595.042044,869.931054,163,286,,,10.972970,14.859924,11,15,15,11,computed,
n9,545.416064,723.160944,145,212,,,9.782104,10.236836,10,10,10,10,computed,
n10,595.632060,722.820942,167,211,,,11.237606,10.174362,11,10,10,11,computed,
n11,498.211984,724.690949,140,218,,,9.451308,10.611681,9,11,11,9,computed,
n12,449.937743,724.991039,122,219,,,8.260443,10.674155,8,11,11,8,computed,
n13,449.937743,820.859439,122,257,,,8.260443,13.048173,8,13,13,8,computed,
n14,449.937743,771.570988,122,234,,,8.260443,11.611268,8,12,12,8,computed,
n15,546.752163,918.656213,151,315,,,10.179059,16.671675,10,17,17,10,computed,
n16,640.032829,821.521968,180,261,,,12.097676,13.298070,12,13,13,12,computed,
n17,451.099174,871.243246,127,292,,,8.591239,15.234769,9,15,15,9,computed,
n18,647.005510,773.753780,191,240,,,12.825427,11.986113,13,12,12,13,computed,
n19,643.685186,872.061374,188,294,,,12.626949,15.359718,13,15,15,13,computed,
n20,643.021121,724.157041,186,217,,,12.494631,10.549207,12,11,11,12,computed,
n21,498.081075,919.019467,139,317,,,9.385149,16.796624,9,17,17,9,computed,
n22,597.122222,919.351499,172,319,,,11.568402,16.921572,12,17,17,12,computed,
n23,450.435110,918.023369,124,313,,,8.392761,16.546727,8,17,17,8,computed,
n24,642.025023,917.691337,183,312,,,12.296153,16.484253,12,16,16,12,computed,
n25,303.501466,819.568683,85,253,,,5.812553,12.798277,6,13,13,6,computed,
n26,255.162410,819.899180,72,254,,,4.952483,12.860751,5,13,13,5,computed,
n27,304.011467,770.280233,87,231,,,5.944871,11.423845,6,11,11,6,computed,
n28,353.207460,819.058681,96,251,,,6.540304,12.673328,7,13,13,7,computed,
n29,255.277381,769.770231,73,230,,,5.018643,11.361371,5,11,11,5,computed,
n30,303.331465,867.960296,84,281,,,5.746394,14.547553,6,15,15,6,computed,
n31,254.652408,867.450294,69,279,,,4.754006,14.422605,5,14,14,5,computed,
n32,353.977448,769.770231,99,230,,,6.738781,11.361371,7,11,11,7,computed,
n33,352.787444,868.640298,93,282,,,6.341826,14.610028,6,15,15,6,computed,
n34,303.161464,721.870188,83,209,,,5.680234,10.049413,6,10,10,6,computed,
n35,353.377460,721.530187,97,208,,,6.606463,9.986939,7,10,10,7,computed,
n36,255.957384,723.400194,78,213,,,5.349439,10.299310,5,10,10,5,computed,
n37,207.683143,723.700284,59,214,,,4.092414,10.361784,4,10,10,4,computed,
n38,207.683143,819.568683,59,253,,,4.092414,12.798277,4,13,13,4,computed,
n39,207.683143,770.280233,59,231,,,4.092414,11.423845,4,11,11,4,computed,
n40,304.497563,917.365457,89,311,,,6.077190,16.421779,6,16,16,6,computed,
n41,397.778229,820.231213,105,255,,,7.135737,12.923225,7,13,13,7,computed,
n42,208.844574,869.952491,65,286,,,4.489369,14.859924,4,15,15,4,computed,
n43,404.750910,772.463024,118,237,,,7.995806,11.798690,8,12,12,8,computed,
n44,401.430586,870.770619,113,290,,,7.665010,15.109821,8,15,15,8,computed,
n45,400.766521,722.866286,111,211,,,7.532692,10.174362,8,10,10,8,computed,
n46,255.826475,917.728711,77,312,,,5.283279,16.484253,5,16,16,5,computed,
n47,354.867622,918.060744,102,313,,,6.937259,16.546727,7,17,17,7,computed,
n48,208.180510,916.732614,62,309,,,4.290891,16.296830,4,16,16,4,computed,
n49,399.770423,916.400581,108,307,,,7.334214,16.171882,7,16,16,7,computed,
n50,1031.850768,823.203670,312,269,,,20.830689,13.797863,21,14,14,21,computed,
n51,983.511713,823.534166,298,270,,,19.904460,13.860338,20,14,14,20,computed,
n52,1032.360770,773.915219,314,241,,,20.963007,12.048587,21,12,12,21,computed,
n53,1081.556763,822.693668,324,268,,,21.624599,13.735389,22,14,14,22,computed,
n54,983.626684,773.405217,299,239,,,19.970619,11.923638,20,12,12,20,computed,
n55,1031.680768,871.595282,311,293,,,20.764530,15.297243,21,15,15,21,computed,
n56,983.001711,871.085280,295,291,,,19.705983,15.172295,20,15,15,20,computed,
n57,1082.326751,773.405217,327,239,,,21.823077,11.923638,22,12,12,22,computed,
n58,1081.136747,872.275285,321,295,,,21.426122,15.422192,21,15,15,21,computed,
n59,1031.510767,725.505174,310,221,,,20.698370,10.799103,21,11,11,21,computed,
n60,1081.726763,725.165173,325,220,,,21.690758,10.736629,22,11,11,22,computed,
n61,984.306687,727.035180,304,225,,,20.301415,11.049000,20,11,11,20,computed,
n62,936.032446,727.335270,285,226,,,19.044391,11.111474,19,11,11,19,computed,
n63,936.032446,823.203670,285,269,,,19.044391,13.797863,19,14,14,19,computed,
n64,936.032446,773.915219,285,241,,,19.044391,12.048587,19,12,12,19,computed,
n65,1032.846866,921.000443,316,325,,,21.095326,17.296417,21,17,17,21,computed,
n66,1126.127532,823.866199,335,271,,,22.352350,13.922812,22,14,14,22,computed,
n67,937.193877,873.587477,289,298,,,19.309027,15.609614,19,16,16,19,computed,
n68,1133.100213,776.098011,344,244,,,22.947783,12.236009,23,12,12,23,computed,
n69,1129.779888,874.405605,342,299,,,22.815465,15.672088,23,16,16,23,computed,
n70,1129.115824,726.501272,340,224,,,22.683146,10.986526,23,11,11,23,computed,
n71,984.175778,921.363697,303,326,,,20.235256,17.358891,20,17,17,20,computed,
n72,1083.216925,921.695730,330,327,,,22.021554,17.421365,22,17,17,22,computed,
n73,936.529812,920.367600,287,324,,,19.176709,17.233943,19,17,17,19,computed,
n74,1128.119726,920.035568,338,322,,,22.550828,17.108994,23,17,17,23,computed,
n75,789.596169,821.912914,235,263,,,15.736431,13.423018,16,13,13,16,computed,
n76,741.257113,822.243411,217,265,,,14.545566,13.547967,15,14,14,15,computed,
n77,790.106170,772.624464,237,238,,,15.868750,11.861164,16,12,12,16,computed,
n78,839.302163,821.402912,254,260,,,16.993456,13.235596,17,13,13,17,computed,
n79,741.372084,772.114462,218,236,,,14.611725,11.736216,15,12,12,15,computed,
n80,789.426168,870.304527,234,288,,,15.670272,14.984873,16,15,15,16,computed,
n81,740.747111,869.794525,214,285,,,14.347088,14.797450,14,15,15,14,computed,
n82,840.072151,772.114462,259,236,,,17.324252,11.736216,17,12,12,17,computed,
n83,838.882147,870.984529,251,291,,,16.794978,15.172295,17,15,15,17,computed,
n84,789.256167,724.214419,233,217,,,15.604113,10.549207,16,11,11,16,computed,
n85,839.472163,723.874418,255,215,,,17.059615,10.424258,17,10,10,17,computed,
n86,742.052087,725.744425,223,222,,,14.942521,10.861578,15,11,11,15,computed,
n87,693.777846,726.044515,200,223,,,13.420860,10.924052,13,11,11,13,computed,
n88,693.777846,821.912914,200,263,,,13.420860,13.423018,13,13,13,13,computed,
n89,693.777846,772.624464,200,238,,,13.420860,11.861164,13,12,12,13,computed,
n90,790.592266,919.709688,239,320,,,16.001068,16.984046,16,17,17,16,computed,
n91,883.872932,822.575443,267,267,,,17.853525,13.672915,18,14,14,18,computed,
n92,694.939277,872.296721,206,295,,,13.817815,15.422192,14,15,15,14,computed,
n93,890.845613,774.807255,279,243,,,18.647436,12.173535,19,12,12,19,computed,
n94,887.525289,873.114849,275,297,,,18.382799,15.547140,18,16,16,18,computed,
n95,886.861224,725.210516,273,220,,,18.250480,10.736629,18,11,11,18,computed,
n96,741.921178,920.072942,222,322,,,14.876362,17.108994,15,17,17,15,computed,
n97,840.962325,920.404974,262,324,,,17.522729,17.233943,18,17,17,18,computed,
n98,694.275212,919.076845,202,317,,,13.553178,16.796624,14,17,17,14,computed,
n99,885.865126,918.744812,271,315,,,18.118162,16.671675,18,17,17,18,computed,
n100,545.439415,581.329767,145,137,,,9.782104,5.551273,10,6,6,10,computed,
n101,497.100359,581.660263,132,139,,,8.922035,5.676221,9,6,6,9,computed,
n102,545.949417,532.041316,148,117,,,9.980582,4.301790,10,4,4,10,computed,
n103,595.145409,580.819765,164,136,,,11.039129,5.488799,11,5,5,11,computed,
n104,497.215330,531.531314,133,116,,,8.988194,4.239316,9,4,4,9,computed,
n105,545.269414,629.721379,144,162,,,9.715945,7.113127,10,7,7,10,computed,
n106,496.590357,629.211378,130,161,,,8.789716,7.050653,9,7,7,9,computed,
n107,595.915397,531.531314,168,116,,,11.303766,4.239316,11,4,4,11,computed,
n108,594.725393,630.401382,162,165,,,10.906810,7.300550,11,7,7,11,computed,
n109,545.099414,483.631272,143,95,,,9.649786,2.927358,10,3,3,10,computed,
n110,595.315410,483.291270,165,94,,,11.105288,2.864884,11,3,3,11,computed,
n111,497.895333,485.161277,138,101,,,9.318990,3.302203,9,3,3,9,computed,
n112,449.621092,485.461367,121,102,,,8.194284,3.364677,8,3,3,8,computed,
n113,449.621092,581.329767,121,137,,,8.194284,5.551273,8,6,6,8,computed,
n114,449.621092,532.041316,121,117,,,8.194284,4.301790,8,4,4,8,computed,
n115,546.435512,679.126541,150,191,,,10.112900,8.924878,10,9,9,10,computed,
n116,639.716178,581.992296,179,141,,,12.031517,5.801170,12,6,6,12,computed,
n117,450.782524,631.713574,126,170,,,8.525080,7.612921,9,8,8,9,computed,
n118,646.688859,534.224108,190,123,,,12.759268,4.676635,13,5,5,13,computed,
n119,643.368535,632.531702,187,172,,,12.560790,7.737869,13,8,8,13,computed,
n120,642.704470,484.627369,185,100,,,12.428472,3.239729,12,3,3,12,computed,
n121,497.764424,679.489795,137,193,,,9.252831,9.049827,9,9,9,9,computed,
n122,596.805571,679.821827,171,194,,,11.502243,9.112301,12,9,9,12,computed,
n123,450.118459,678.493697,123,189,,,8.326602,8.799930,8,9,9,8,computed,
n124,641.708373,678.161665,182,188,,,12.229994,8.737456,12,9,9,12,computed,
n125,303.184815,580.039011,83,133,,,5.680234,5.301376,6,5,5,6,computed,
n126,254.845759,580.369508,70,134,,,4.820165,5.363851,5,5,5,5,computed,
n127,303.694817,530.750561,86,114,,,5.878712,4.114367,6,4,4,6,computed,
n128,352.890809,579.529009,94,132,,,6.407986,5.238902,6,5,5,6,computed,
n129,254.960731,530.240559,71,113,,,4.886324,4.051893,5,4,4,5,computed,
n130,303.014814,628.430624,82,160,,,5.614075,6.988179,6,7,7,6,computed,
n131,254.335757,627.920622,68,158,,,4.687847,6.863231,5,7,7,5,computed,
n132,353.660797,530.240559,98,113,,,6.672622,4.051893,7,4,4,7,computed,
n133,352.470793,629.110626,92,161,,,6.275667,7.050653,6,7,7,6,computed,
n134,302.844814,482.340516,81,92,,,5.547916,2.739936,6,3,3,6,computed,
n135,353.060810,482.000515,95,91,,,6.474145,2.677461,6,3,3,6,computed,
n136,255.640733,483.870522,76,96,,,5.217120,2.989832,5,3,3,5,computed,
n137,207.366492,484.170612,58,97,,,4.026255,3.052306,4,3,3,4,computed,
n138,207.366492,580.039011,58,133,,,4.026255,5.301376,4,5,5,4,computed,
n139,207.366492,530.750561,58,114,,,4.026255,4.114367,4,4,4,4,computed,
n140,304.180912,677.835785,88,187,,,6.011030,8.674982,6,9,9,6,computed,
n141,397.461578,580.701541,104,135,,,7.069577,5.426325,7,5,5,7,computed,
n142,208.527924,630.422819,64,165,,,4.423210,7.300550,4,7,7,4,computed,
n143,404.434259,532.933352,117,120,,,7.929647,4.489212,8,4,4,8,computed,
n144,401.113935,631.240947,112,168,,,7.598851,7.487972,8,7,7,8,computed,
n145,400.449870,483.336614,110,94,,,7.466533,2.864884,7,3,3,7,computed,
n146,255.509824,678.199039,75,188,,,5.150961,8.737456,5,9,9,5,computed,
n147,354.550971,678.531072,101,189,,,6.871100,8.799930,7,9,9,7,computed,
n148,207.863859,677.202942,60,185,,,4.158573,8.550033,4,9,9,4,computed,
n149,399.453773,676.870909,107,184,,,7.268055,8.487559,7,8,8,7,computed,
n150,1031.534118,583.673997,310,149,,,20.698370,6.300963,21,6,6,21,computed,
n151,983.195062,584.004494,296,150,,,19.772142,6.363437,20,6,6,20,computed,
n152,1032.044119,534.385547,313,124,,,20.896848,4.739109,21,5,5,21,computed,
n153,1081.240112,583.163996,322,148,,,21.492281,6.238489,21,6,6,21,computed,
n154,983.310033,533.875545,297,122,,,19.838301,4.614161,20,5,5,20,computed,
n155,1031.364117,632.065610,309,171,,,20.632211,7.675395,21,8,8,21,computed,
n156,982.685060,631.555608,294,169,,,19.639823,7.550447,20,8,8,20,computed,
n157,1082.010100,533.875545,326,122,,,21.756918,4.614161,22,5,5,22,computed,
n158,1080.820096,632.745613,320,173,,,21.359962,7.800343,21,8,8,21,computed,
n159,1031.194116,485.975502,308,104,,,20.566052,3.489626,21,3,3,21,computed,
n160,1081.410112,485.635501,323,103,,,21.558440,3.427151,22,3,3,22,computed,
n161,983.990036,487.505508,302,108,,,20.169097,3.739522,20,4,4,20,computed,
n162,935.715795,487.805598,284,109,,,18.978232,3.801996,19,4,4,19,computed,
n163,935.715795,583.673997,284,149,,,18.978232,6.300963,19,6,6,19,computed,
n164,935.715795,534.385547,284,124,,,18.978232,4.739109,19,5,5,19,computed,
n165,1032.530215,681.470771,315,201,,,21.029166,9.549620,21,10,10,21,computed,
n166,1125.810881,584.336527,334,151,,,22.286191,6.425912,22,6,6,22,computed,
n167,936.877226,634.057805,288,176,,,19.242868,7.987766,19,8,8,19,computed,
n168,1132.783562,536.568339,343,127,,,22.881624,4.926531,23,5,5,23,computed,
n169,1129.463238,634.875933,341,177,,,22.749305,8.050240,23,8,8,23,computed,
n170,1128.799173,486.971600,339,107,,,22.616987,3.677048,23,4,4,23,computed,
n171,983.859127,681.834025,301,202,,,20.102938,9.612094,20,10,10,20,computed,
n172,1082.900274,682.166058,329,203,,,21.955395,9.674568,22,10,10,22,computed,
n173,936.213162,680.837928,286,200,,,19.110550,9.487146,19,9,9,19,computed,
n174,1127.803075,680.505896,337,198,,,22.484669,9.362197,22,9,9,22,computed,
n175,789.279518,582.383242,233,143,,,15.604113,5.926118,16,6,6,16,computed,
n176,740.940462,582.713739,215,145,,,14.413247,6.051067,14,6,6,14,computed,
n177,789.789520,533.094792,236,121,,,15.802590,4.551686,16,5,5,16,computed,
n178,838.985512,581.873240,252,140,,,16.861137,5.738696,17,6,6,17,computed,
n179,741.055433,532.584790,216,119,,,14.479407,4.426738,14,4,4,14,computed,
n180,789.109517,630.774855,232,167,,,15.537954,7.425498,16,7,7,16,computed,
n181,740.430460,630.264853,213,164,,,14.280929,7.238076,14,7,7,14,computed,
n182,839.755500,532.584790,257,119,,,17.191933,4.426738,17,4,4,17,computed,
n183,838.565496,631.454857,250,169,,,16.728819,7.550447,17,8,8,17,computed,
n184,788.939516,484.684747,231,100,,,15.471795,3.239729,15,3,3,15,computed,
n185,839.155513,484.344746,253,98,,,16.927297,3.114781,17,3,3,17,computed,
n186,741.735436,486.214753,221,105,,,14.810203,3.552100,15,4,4,15,computed,
n187,693.461195,486.514843,199,106,,,13.354700,3.614574,13,4,4,13,computed,
n188,693.461195,582.383242,199,143,,,13.354700,5.926118,13,6,6,13,computed,
n189,693.461195,533.094792,199,121,,,13.354700,4.551686,13,5,5,13,computed,
n190,790.275615,680.180016,238,196,,,15.934909,9.237249,16,9,9,16,computed,
n191,883.556281,583.045771,266,147,,,17.787366,6.176015,18,6,6,18,computed,
n192,694.622627,632.767049,204,173,,,13.685496,7.800343,14,8,8,14,computed,
n193,890.528962,535.277583,278,126,,,18.581276,4.864057,19,5,5,19,computed,
n194,887.208638,633.585177,274,175,,,18.316640,7.925292,18,8,8,18,computed,
n195,886.544573,485.680844,272,103,,,18.184321,3.427151,18,3,3,18,computed,
n196,741.604527,680.543270,220,198,,,14.744043,9.362197,15,9,9,15,computed,
n197,840.645674,680.875302,261,200,,,17.456570,9.487146,17,9,9,17,computed,
n198,693.958562,679.547173,201,193,,,13.487019,9.049827,13,9,9,13,computed,
n199,885.548476,679.215140,270,191,,,18.052003,8.924878,18,9,9,18,computed,
n200,156.314796,626.486061,46,154,,,3.232344,6.613334,3,7,7,3,computed,
n201,106.223104,627.370499,21,156,,,1.578365,6.738282,2,7,7,2,computed,
n202,151.499046,675.869039,38,181,,,2.703071,8.300137,3,8,8,3,computed,
n203,155.270934,719.217174,44,204,,,3.100026,9.737042,3,10,10,3,computed,
n204,149.704409,771.903721,36,235,,,2.570753,11.673742,3,12,12,3,computed,
n205,108.859437,771.634997,24,234,,,1.776842,11.611268,2,12,12,2,computed,
n206,56.600851,773.479077,11,239,,,0.916773,11.923638,1,12,12,1,computed,
n207,13.161876,772.729153,2,238,,,0.321340,11.861164,0,12,12,0,computed,
n208,14.339760,822.784095,4,268,,,0.453658,13.735389,0,14,14,0,computed,
n209,54.946496,824.109375,9,272,,,0.784454,13.985286,1,14,14,1,computed,
n210,109.042050,819.209046,25,252,,,1.843001,12.735803,2,13,13,2,computed,
n211,156.911996,821.015524,47,258,,,3.298504,13.110648,3,13,13,3,computed,
n212,12.825688,870.589267,0,289,,,0.189022,15.047347,0,15,15,0,computed,
n213,57.582829,869.320543,13,283,,,1.049091,14.672502,1,15,15,1,computed,
n214,106.490376,865.939015,22,276,,,1.644524,14.235183,2,14,14,2,computed,
n215,157.473126,867.783095,50,280,,,3.496981,14.485079,3,14,14,3,computed,
n216,17.018423,917.356838,7,311,18,0,0.652136,16.421779,1,16,18,0,seed,"SEED_CONFLICT seed=(18,0) computed=(16,1)"
n217,59.181561,916.569313,15,308,,,1.181410,16.234356,1,16,16,1,computed,
n218,109.645510,919.450994,27,319,,,1.975320,16.921572,2,17,17,2,computed,
n219,157.515456,919.219871,50,318,,,3.496981,16.859098,3,17,17,3,computed,
n220,1373.536384,821.701359,412,262,,,27.446608,13.360544,27,13,13,27,computed,
n221,1325.197329,822.031856,392,264,,,26.123424,13.485493,26,13,13,26,computed,
n222,1374.046386,772.412909,414,237,,,27.578926,11.798690,28,12,12,28,computed,
n223,1423.242378,821.191357,432,259,,,28.769792,13.173122,29,13,13,29,computed,
n224,1325.312300,771.902907,393,235,,,26.189583,11.673742,26,12,12,26,computed,
n225,1373.366384,870.092972,411,287,,,27.380449,14.922398,27,15,15,27,computed,
n226,1324.687327,869.582970,390,284,,,25.991106,14.734976,26,15,15,26,computed,
n227,1424.012367,771.902907,435,235,,,28.968269,11.673742,29,12,12,29,computed,
n228,1422.822363,870.772974,429,290,,,28.571314,15.109821,29,15,15,29,computed,
n229,1373.196383,724.002864,410,216,,,27.314289,10.486732,27,10,10,27,computed,
n230,1423.412379,723.662863,433,214,,,28.835951,10.361784,29,10,10,29,computed,
n231,1325.992302,725.532870,398,221,,,26.520379,10.799103,27,11,11,27,computed,
n232,1277.718061,725.832960,377,222,,,25.131036,10.861578,25,11,11,25,computed,
n233,1277.718061,821.701359,377,262,,,25.131036,13.360544,25,13,13,25,computed,
n234,1277.718061,772.412909,377,237,,,25.131036,11.798690,25,12,12,25,computed,
n235,1374.532482,919.498133,416,319,,,27.711245,16.921572,28,17,17,28,computed,
n236,1467.813147,822.363889,447,266,,,29.762179,13.610441,30,14,14,30,computed,
n237,1278.879493,872.085167,382,294,,,25.461832,15.359718,25,15,15,25,computed,
n238,1474.785829,774.595700,459,242,,,30.556090,12.111061,31,12,12,31,computed,
n239,1471.465504,872.903295,454,296,,,30.225294,15.484666,30,15,15,30,computed,
n240,1470.801439,724.998962,452,219,,,30.092975,10.674155,30,11,11,30,computed,
n241,1325.861393,919.861387,397,321,,,26.454220,17.046520,26,17,17,26,computed,
n242,1424.902541,920.193420,438,323,,,29.166747,17.171469,29,17,17,29,computed,
n243,1278.215428,918.865290,379,316,,,25.263355,16.734149,25,17,17,25,computed,
n244,1469.805342,918.533257,450,314,,,29.960657,16.609201,30,17,17,30,computed,
n245,1180.987779,819.900602,354,254,,,23.609375,12.860751,24,13,13,24,computed,
n246,1181.757767,770.612152,357,232,,,23.807852,11.486319,24,11,11,24,computed,
n247,1180.567763,869.482219,351,284,,,23.410897,14.734976,23,15,15,23,computed,
n248,1181.157779,722.372108,355,210,,,23.675534,10.111887,24,10,10,24,computed,
n249,1225.558548,821.073133,363,258,,,24.204808,13.110648,24,13,13,24,computed,
n250,1232.531229,773.304945,373,239,,,24.866399,11.923638,25,12,12,25,computed,
n251,1229.210904,871.612539,370,293,,,24.667922,15.297243,25,15,15,25,computed,
n252,1228.546839,723.708206,368,214,,,24.535603,10.361784,25,10,10,25,computed,
n253,1182.647941,918.902664,360,316,,,24.006330,16.734149,24,17,17,24,computed,
n254,1227.550742,917.242502,366,310,,,24.403285,16.359304,24,16,16,24,computed,
n255,1373.219733,582.171687,410,142,,,27.314289,5.863644,27,6,6,27,computed,
n256,1324.880678,582.502184,391,144,,,26.057265,5.988592,26,6,6,26,computed,
n257,1373.729735,532.883237,413,120,,,27.512767,4.489212,28,4,4,28,computed,
n258,1422.925728,581.661685,430,139,,,28.637473,5.676221,29,6,6,29,computed,
n259,1324.995649,532.373235,391,118,,,26.057265,4.364264,26,4,4,26,computed,
n260,1373.049733,630.563300,409,166,,,27.248130,7.363024,27,7,7,27,computed,
n261,1324.370676,630.053298,389,163,,,25.924946,7.175602,26,7,7,26,computed,
n262,1423.695716,532.373235,434,118,,,28.902110,4.364264,29,4,4,29,computed,
n263,1422.505712,631.243302,428,168,,,28.505155,7.487972,29,7,7,29,computed,
n264,1372.879732,484.473192,408,99,,,27.181971,3.177255,27,3,3,27,computed,
n265,1423.095728,484.133191,431,97,,,28.703632,3.052306,29,3,3,29,computed,
n266,1325.675652,486.003198,396,104,,,26.388061,3.489626,26,3,3,26,computed,
n267,1277.401411,486.303288,376,105,,,25.064877,3.552100,25,4,4,25,computed,
n268,1277.401411,582.171687,376,142,,,25.064877,5.863644,25,6,6,25,computed,
n269,1277.401411,532.883237,376,120,,,25.064877,4.489212,25,4,4,25,computed,
n270,1374.215831,679.968461,415,195,,,27.645085,9.174775,28,9,9,28,computed,
n271,1467.496497,582.834216,446,146,,,29.696020,6.113541,30,6,6,30,computed,
n272,1278.562842,632.555495,381,172,,,25.395673,7.737869,25,8,8,25,computed,
n273,1474.469178,535.066028,458,125,,,30.489931,4.801583,30,5,5,30,computed,
n274,1471.148853,633.373623,453,174,,,30.159135,7.862817,30,8,8,30,computed,
n275,1470.484789,485.469290,451,102,,,30.026816,3.364677,30,3,3,30,computed,
n276,1325.544743,680.331715,395,197,,,26.321902,9.299723,26,9,9,26,computed,
n277,1424.585890,680.663748,437,199,,,29.100588,9.424672,29,9,9,29,computed,
n278,1277.898777,679.335618,378,192,,,25.197195,8.987352,25,9,9,25,computed,
n279,1469.488691,679.003585,449,190,,,29.894498,8.862404,30,9,9,30,computed,
n280,1180.671128,580.370930,352,134,,,23.477056,5.363851,23,5,5,23,computed,
n281,1181.441116,531.082479,356,115,,,23.741693,4.176841,24,4,4,24,computed,
n282,1180.251112,629.952547,350,163,,,23.344738,7.175602,23,7,7,23,computed,
n283,1180.841128,482.842436,353,93,,,23.543216,2.802410,24,3,3,24,computed,
n284,1225.241897,581.543461,362,138,,,24.138648,5.613747,24,6,6,24,computed,
n285,1232.214578,533.775273,372,122,,,24.800240,4.614161,25,5,5,25,computed,
n286,1228.894254,632.082867,369,171,,,24.601763,7.675395,25,8,8,25,computed,
n287,1228.230189,484.178534,367,97,,,24.469444,3.052306,24,3,3,24,computed,
n288,1182.331290,679.372992,359,192,,,23.940171,8.987352,24,9,9,24,computed,
n289,1227.234091,677.712830,365,186,,,24.337126,8.612507,24,9,9,24,computed,
n290,743.640299,329.595612,227,34,,,15.207158,-0.883566,15,-1,-1,15,computed,
n291,695.301243,329.926108,208,35,,,13.950133,-0.821092,14,-1,-1,14,computed,
n292,744.150301,280.307161,228,28,,,15.273317,-1.258411,15,-1,-1,15,computed,
n293,793.346293,329.085610,243,33,,,16.265705,-0.946040,16,-1,-1,16,computed,
n294,695.416215,279.797159,209,27,,,14.016292,-1.320885,14,-1,-1,14,computed,
n295,743.470298,377.987224,226,49,,,15.140999,0.053546,15,0,0,15,computed,
n296,694.791241,377.477222,205,48,,,13.751656,-0.008928,14,0,0,14,computed,
n297,794.116282,279.797159,245,27,,,16.398023,-1.320885,16,-1,-1,16,computed,
n298,792.926277,378.667227,241,50,,,16.133386,0.116020,16,0,0,16,computed,
n299,743.300298,231.897116,225,22,,,15.074839,-1.633256,15,-2,-2,15,computed,
n300,793.516294,231.557115,244,21,,,16.331864,-1.695730,16,-2,-2,16,computed,
n301,696.096217,233.427122,212,24,,,14.214770,-1.508308,14,-2,-2,14,computed,
n302,647.821976,233.727212,194,25,,,13.023904,-1.445834,13,-1,-1,13,computed,
n303,647.821976,329.595612,194,34,,,13.023904,-0.883566,13,-1,-1,13,computed,
n304,647.821976,280.307161,194,28,,,13.023904,-1.258411,13,-1,-1,13,computed,
n305,744.636396,427.392385,230,69,,,15.405635,1.303030,15,1,1,15,computed,
n306,837.917062,330.258141,249,36,,,16.662660,-0.758618,17,-1,-1,17,computed,
n307,648.983408,379.979419,198,53,,,13.288541,0.303443,13,0,0,13,computed,
n308,844.889743,282.489953,265,30,,,17.721207,-1.133463,18,-1,-1,18,computed,
n309,841.569419,380.797547,264,54,,,17.655048,0.365917,18,0,0,18,computed,
n310,840.905354,232.893214,262,23,,,17.522729,-1.570782,18,-2,-2,18,computed,
n311,695.965308,427.755639,211,70,,,14.148611,1.365504,14,1,1,14,computed,
n312,795.006455,428.087672,247,71,,,16.530342,1.427978,17,1,1,17,computed,
n313,648.319343,426.759542,196,68,,,13.156223,1.240556,13,1,1,13,computed,
n314,839.909257,426.427510,258,67,,,17.258093,1.178081,17,1,1,17,computed,
n315,551.091693,327.794854,157,31,,,10.576014,-1.070989,11,-1,-1,11,computed,
n316,551.861682,278.506404,159,26,,,10.708333,-1.383360,11,-1,-1,11,computed,
n317,550.671677,377.376471,155,48,,,10.443696,-0.008928,10,0,0,10,computed,
n318,551.261694,230.266360,158,20,,,10.642174,-1.758205,11,-2,-2,11,computed,
n319,595.662462,328.967385,167,32,,,11.237606,-1.008515,11,-1,-1,11,computed,
n320,602.635143,281.199197,178,29,,,11.965357,-1.195937,12,-1,-1,12,computed,
n321,599.314819,379.506791,177,51,,,11.899198,0.178495,12,0,0,12,computed,
n322,598.650754,231.602458,175,21,,,11.766880,-1.695730,12,-2,-2,12,computed,
n323,552.751855,426.796916,161,68,,,10.840651,1.240556,11,1,1,11,computed,
n324,597.654657,425.136754,174,66,,,11.700721,1.115607,12,1,1,12,computed,
n325,743.323648,90.065939,225,3,,,15.074839,-2.820265,15,-3,-3,15,computed,
n326,694.984592,90.396436,206,4,,,13.817815,-2.757791,14,-3,-3,14,computed,
n327,793.029642,89.555938,242,2,,,16.199546,-2.882740,16,-3,-3,16,computed,
n328,743.153648,138.457552,224,7,,,15.008680,-2.570369,15,-3,-3,15,computed,
n329,694.474591,137.947550,203,6,,,13.619337,-2.632843,14,-3,-3,14,computed,
n330,792.609627,139.137555,240,8,,,16.067227,-2.507895,16,-3,-3,16,computed,
n331,647.505325,90.065939,193,3,,,12.957745,-2.820265,13,-3,-3,13,computed,
n332,744.319745,187.862713,229,17,,,15.339476,-1.945627,15,-2,-2,15,computed,
n333,837.600411,90.728469,248,5,,,16.596501,-2.695317,17,-3,-3,17,computed,
n334,648.666757,140.449747,197,10,,,13.222382,-2.382946,13,-2,-2,13,computed,
n335,841.252768,141.267875,263,12,,,17.588889,-2.257998,18,-2,-2,18,computed,
n336,695.648657,188.225967,210,18,,,14.082452,-1.883153,14,-2,-2,14,computed,
n337,794.689805,188.558000,246,19,,,16.464182,-1.820679,16,-2,-2,16,computed,
n338,648.002692,187.229870,195,16,,,13.090064,-2.008101,13,-2,-2,13,computed,
n339,839.592606,186.897838,256,15,,,17.125774,-2.070575,17,-2,-2,17,computed,
n340,550.775042,88.265182,156,0,,,10.509855,-3.007688,11,-3,-3,11,computed,
n341,550.355027,137.846799,154,6,,,10.377537,-2.632843,10,-3,-3,10,computed,
n342,595.345811,89.437713,165,1,,,11.105288,-2.945214,11,-3,-3,11,computed,
n343,598.998168,139.977119,176,9,,,11.833039,-2.445420,12,-2,-2,12,computed,
n344,552.435205,187.267244,160,16,,,10.774492,-2.008101,11,-2,-2,11,computed,
n345,597.338006,185.607082,173,13,,,11.634562,-2.195524,12,-2,-2,12,computed,
n346,885.225804,90.028477,269,3,,,17.985844,-2.820265,18,-3,-3,18,computed,
n347,888.878161,140.567883,277,11,,,18.515117,-2.320472,19,-2,-2,19,computed,
n348,887.217999,186.197846,274,14,,,18.316640,-2.133050,18,-2,-2,18,computed,
n349,402.060224,433.169140,116,82,,,7.863488,2.115194,8,2,2,8,computed,
n350,353.381168,432.659139,97,81,,,6.606463,2.052720,7,2,2,7,computed,
n351,451.516203,433.849143,129,84,,,8.723557,2.240142,9,2,2,9,computed,
n352,307.573334,435.161335,91,86,,,6.209508,2.365091,6,2,2,6,computed,
n353,500.159345,435.979463,142,87,,,9.583627,2.427565,10,2,2,10,computed,
n354,257.904745,434.688708,80,85,,,5.481757,2.302616,5,2,2,5,computed,
n355,1085.756346,333.112411,332,40,,,22.153873,-0.508721,22,-1,-1,22,computed,
n356,1037.417291,333.442908,318,41,,,21.227644,-0.446247,21,0,0,21,computed,
n357,1135.462341,332.602409,347,39,,,23.146260,-0.571195,23,-1,-1,23,computed,
n358,1085.586346,381.504023,331,56,,,22.087713,0.490865,22,0,0,22,computed,
n359,1036.907289,380.994022,317,54,,,21.161485,0.365917,21,0,0,21,computed,
n360,1135.042325,382.184026,346,57,,,23.080101,0.553340,23,1,1,23,computed,
n361,989.938024,333.112411,305,40,,,20.367575,-0.508721,20,-1,-1,20,computed,
n362,1086.752444,430.909185,333,76,,,22.220032,1.740349,22,2,2,22,computed,
n363,1180.033110,333.774940,349,42,,,23.278579,-0.383773,23,0,0,23,computed,
n364,991.099455,383.496218,307,59,,,20.499893,0.678288,20,1,1,20,computed,
n365,1183.685466,384.314346,361,62,,,24.072489,0.865711,24,1,1,24,computed,
n366,1038.081356,431.272439,319,77,,,21.293803,1.802823,21,2,2,21,computed,
n367,1137.122503,431.604471,348,78,,,23.212420,1.865297,23,2,2,23,computed,
n368,990.435390,430.276341,306,75,,,20.433734,1.677875,20,2,2,20,computed,
n369,1182.025304,429.944309,358,74,,,23.874012,1.615401,24,2,2,24,computed,
n370,893.207741,331.311654,282,37,,,18.845913,-0.696144,19,-1,-1,19,computed,
n371,892.787725,380.893271,281,54,,,18.779754,0.365917,19,0,0,19,computed,
n372,937.778510,332.484185,291,38,,,19.441346,-0.633670,19,-1,-1,19,computed,
n373,941.430867,383.023591,293,58,,,19.573664,0.615814,20,1,1,20,computed,
n374,894.867903,430.313716,283,75,,,18.912072,1.677875,19,2,2,19,computed,
n375,939.770704,428.653554,292,72,,,19.507505,1.490452,20,1,1,20,computed,
n376,1669.503341,817.352959,523,248,,,34.790278,12.485906,35,12,12,35,computed,
n377,1621.164285,817.683456,504,249,,,33.533253,12.548380,34,13,13,34,computed,
n378,1670.013343,768.064509,525,228,,,34.922596,11.236423,35,11,11,35,computed,
n379,1719.209335,816.842958,539,247,,,35.848825,12.423432,36,12,12,36,computed,
n380,1621.279256,767.554507,505,227,,,33.599412,11.173948,34,11,11,34,computed,
n381,1669.333340,865.744572,522,275,,,34.724119,14.172708,35,14,14,35,computed,
n382,1620.654283,865.234570,502,274,,,33.400935,14.110234,33,14,14,33,computed,
n383,1719.979323,767.554507,541,227,,,35.981143,11.173948,36,11,11,36,computed,
n384,1718.789319,866.424575,537,277,,,35.716506,14.297657,36,14,14,36,computed,
n385,1669.163339,719.654464,521,205,,,34.657959,9.799517,35,10,10,35,computed,
n386,1719.379336,719.314463,539,204,,,35.848825,9.737042,36,10,10,36,computed,
n387,1621.959259,721.184470,509,207,,,33.864049,9.924465,34,10,10,34,computed,
n388,1573.685018,721.484560,489,208,,,32.540865,9.986939,33,10,10,33,computed,
n389,1573.685018,817.352959,489,248,,,32.540865,12.485906,33,12,12,33,computed,
n390,1573.685018,768.064509,489,228,,,32.540865,11.236423,33,11,11,33,computed,
n391,1670.499438,915.149733,527,304,,,35.054915,15.984459,35,16,16,35,computed,
n392,1763.780104,818.015489,546,250,,,36.311939,12.610854,36,13,13,36,computed,
n393,1574.846450,867.736767,495,280,,,32.937821,14.485079,33,14,14,33,computed,
n394,1770.752785,770.247301,555,231,,,36.907372,11.423845,37,11,11,37,computed,
n395,1767.432461,868.554895,552,282,,,36.708894,14.610028,37,15,15,37,computed,
n396,1766.768396,720.650562,551,206,,,36.642735,9.861991,37,10,10,37,computed,
n397,1621.828350,915.512987,508,305,,,33.797890,16.046934,34,16,16,34,computed,
n398,1720.869497,915.845020,544,306,,,36.179621,16.109408,36,16,16,36,computed,
n399,1574.182385,914.516890,492,303,,,32.739343,15.921985,33,16,16,33,computed,
n400,1765.772299,914.184858,549,302,,,36.510417,15.859511,37,16,16,37,computed,
n401,1521.525504,816.724733,468,246,,,31.151522,12.360958,31,12,12,31,computed,
n402,1528.498185,768.956545,483,229,,,32.143910,11.298897,32,11,11,32,computed,
n403,1525.177861,867.264139,476,278,,,31.680796,14.360131,32,14,14,32,computed,
n404,1524.513796,719.359806,474,204,,,31.548478,9.737042,32,10,10,32,computed,
n405,1523.517699,912.894102,471,301,,,31.350000,15.797037,31,16,16,31,computed,
n406,1669.186690,577.823287,521,130,,,34.657959,5.113954,35,5,5,35,computed,
n407,1620.847634,578.153784,503,131,,,33.467094,5.176428,33,5,5,33,computed,
n408,1669.696692,528.534837,524,111,,,34.856437,3.926945,35,4,4,35,computed,
n409,1718.892684,577.313286,538,129,,,35.782666,5.051480,36,5,5,36,computed,
n410,1620.962606,528.024835,503,110,,,33.467094,3.864471,33,4,4,33,computed,
n411,1669.016689,626.214900,520,153,,,34.591800,6.550860,35,7,7,35,computed,
n412,1620.337632,625.704898,501,152,,,33.334776,6.488386,33,6,6,33,computed,
n413,1719.662673,528.024835,540,110,,,35.914984,3.864471,36,4,4,36,computed,
n414,1718.472668,626.894903,536,155,,,35.650347,6.675808,36,7,7,36,computed,
n415,1668.846689,480.124792,519,89,,,34.525641,2.552513,35,3,3,35,computed,
n416,1719.062685,479.784791,538,88,,,35.782666,2.490039,36,2,2,36,computed,
n417,1621.642608,481.654798,507,90,,,33.731731,2.614987,34,3,3,34,computed,
n418,1573.368367,481.954888,488,91,,,32.474706,2.677461,32,3,3,32,computed,
n419,1573.368367,577.823287,488,130,,,32.474706,5.113954,32,5,5,32,computed,
n420,1573.368367,528.534837,488,111,,,32.474706,3.926945,32,4,4,32,computed,
n421,1670.182787,675.620061,526,180,,,34.988755,8.237662,35,8,8,35,computed,
n422,1574.529799,628.207095,493,159,,,32.805502,6.925705,33,7,7,33,computed,
n423,1621.511699,675.983315,506,182,,,33.665572,8.362611,34,8,8,34,computed,
n424,1720.552846,676.315348,543,183,,,36.113462,8.425085,36,8,8,36,computed,
n425,1573.865734,674.987218,490,179,,,32.607025,8.175188,33,8,8,33,computed,
n426,1521.208853,577.195061,467,128,,,31.085363,4.989006,31,5,5,31,computed,
n427,1528.181534,529.426873,481,112,,,32.011592,3.989419,32,4,4,32,computed,
n428,1524.861210,627.734467,475,157,,,31.614637,6.800757,32,7,7,32,computed,
n429,1524.197145,479.830134,473,88,,,31.482318,2.490039,31,2,2,31,computed,
n430,1523.201048,673.364430,470,178,,,31.283841,8.112714,31,8,8,31,computed,
n431,1372.995842,432.532561,409,80,,,27.248130,1.990246,27,2,2,27,computed,
n432,1324.261756,432.022559,388,79,,,25.858787,1.927771,26,2,2,26,computed,
n433,1422.961823,432.022559,430,79,,,28.637473,1.927771,29,2,2,29,computed,
n434,1372.145839,384.122516,407,61,,,27.115812,0.803236,27,1,1,27,computed,
n435,1422.361835,383.782515,427,60,,,28.438996,0.740762,28,1,1,28,computed,
n436,1324.941758,385.652522,391,64,,,26.057265,0.990659,26,1,1,26,computed,
n437,1276.667517,385.952612,375,65,,,24.998718,1.053133,25,1,1,25,computed,
n438,1276.667517,432.532561,375,80,,,24.998718,1.990246,25,2,2,25,computed,
n439,1473.735284,434.715352,456,85,,,30.357612,2.302616,30,2,2,30,computed,
n440,1469.750895,385.118614,450,63,,,29.960657,0.928185,30,1,1,30,computed,
n441,1231.480685,433.424597,371,83,,,24.734081,2.177668,25,2,2,25,computed,
n442,1227.496295,383.827858,366,60,,,24.403285,0.740762,24,1,1,24,computed,
n443,1668.962798,428.184161,520,71,,,34.591800,1.427978,35,1,1,35,computed,
n444,1620.228712,427.674159,500,70,,,33.268616,1.365504,33,1,1,33,computed,
n445,1718.928779,427.674159,538,70,,,35.782666,1.365504,36,1,1,36,computed,
n446,1668.112795,379.774116,517,52,,,34.393323,0.240969,34,0,0,34,computed,
n447,1718.328791,379.434115,535,51,,,35.584188,0.178495,36,0,0,36,computed,
n448,1620.908715,381.304122,503,55,,,33.467094,0.428391,33,0,0,33,computed,
n449,1572.634474,381.604212,486,56,,,32.342388,0.490865,32,0,0,32,computed,
n450,1572.634474,428.184161,486,71,,,32.342388,1.427978,32,1,1,32,computed,
n451,1527.447641,429.076197,479,73,,,31.879273,1.552926,32,2,2,32,computed,
n452,1523.463252,379.479458,471,51,,,31.350000,0.178495,31,0,0,31,computed,
n453,1668.649566,338.275716,518,45,,,34.459482,-0.196350,34,0,0,34,computed,
n454,1718.865562,337.935715,537,43,,,35.716506,-0.321299,36,0,0,36,computed,
n455,1621.445486,339.805722,506,46,,,33.665572,-0.133876,34,0,0,34,computed,
n456,1573.171245,340.105812,487,47,,,32.408547,-0.071402,32,0,0,32,computed,
n457,1524.000023,337.981058,472,43,,,31.416159,-0.321299,31,0,0,31,computed,
n458,1812.094289,814.358586,557,245,,,37.039690,12.298483,37,12,12,37,computed,
n459,1815.746645,864.897992,563,273,,,37.436645,14.047760,37,14,14,37,computed,
n460,1814.086483,910.527955,560,300,,,37.238168,15.734563,37,16,16,37,computed,
n461,545.966512,1020.691811,148,359,,,9.980582,19.420539,10,19,19,10,computed,
n462,497.627456,1021.022308,136,361,,,9.186671,19.545487,9,20,20,9,computed,
n463,546.476514,971.403360,150,337,,,10.112900,18.046107,10,18,18,10,computed,
n464,595.672506,1020.181809,167,358,,,11.237606,19.358064,11,19,19,11,computed,
n465,497.742428,970.893358,137,336,,,9.252831,17.983633,9,18,18,9,computed,
n466,545.796511,1069.083424,147,384,,,9.914423,20.982393,10,21,21,10,computed,
n467,497.117454,1068.573422,132,383,,,8.922035,20.919919,9,21,21,9,computed,
n468,596.442494,970.893358,170,336,,,11.436084,17.983633,11,18,18,11,computed,
n469,595.252490,1069.763426,165,387,,,11.105288,21.169815,11,21,21,11,computed,
n470,450.148189,1020.691811,123,359,,,8.326602,19.420539,8,19,19,8,computed,
n471,450.148189,971.403360,123,337,,,8.326602,18.046107,8,18,18,8,computed,
n472,546.962609,1118.488585,152,411,,,10.245219,22.669195,10,23,23,10,computed,
n473,640.243275,1021.354340,181,363,,,12.163835,19.670435,12,20,20,12,computed,
n474,451.309621,1071.075618,128,393,,,8.657398,21.544660,9,22,22,9,computed,
n475,647.215956,973.586152,192,343,,,12.891586,18.420952,13,18,18,13,computed,
n476,643.895632,1071.893746,189,395,,,12.693109,21.669609,13,22,22,13,computed,
n477,498.291521,1118.851839,141,413,,,9.517467,22.794144,10,23,23,10,computed,
n478,597.332668,1119.183871,173,415,22,12,11.634562,22.919092,12,23,22,12,seed,"SEED_CONFLICT seed=(22,12) computed=(23,12)"
n479,450.645556,1117.855741,125,410,,,8.458920,22.606721,8,23,23,8,computed,
n480,642.235470,1117.523709,184,409,22,13,12.362313,22.544247,12,23,22,13,seed,"SEED_CONFLICT seed=(22,13) computed=(23,12)"
n481,303.711912,1019.401056,86,355,,,5.878712,19.170642,6,19,19,6,computed,
n482,255.372856,1019.731552,74,356,,,5.084802,19.233116,5,19,19,5,computed,
n483,304.221914,970.112605,88,334,,,6.011030,17.858684,6,18,18,6,computed,
n484,353.417906,1018.891054,97,353,,,6.606463,19.045694,7,19,19,7,computed,
n485,255.487828,969.602603,75,333,,,5.150961,17.796210,5,18,18,5,computed,
n486,303.541911,1067.792668,85,382,,,5.812553,20.857444,6,21,21,6,computed,
n487,254.862854,1067.282666,70,380,,,4.820165,20.732496,5,21,21,5,computed,
n488,354.187894,969.602603,100,333,,,6.804941,17.796210,7,18,18,7,computed,
n489,352.997890,1068.472671,95,383,,,6.474145,20.919919,6,21,21,6,computed,
n490,207.893589,1019.401056,60,355,,,4.158573,19.170642,4,19,19,4,computed,
n491,207.893589,970.112605,60,334,,,4.158573,17.858684,4,18,18,4,computed,
n492,304.708009,1117.197830,90,408,22,6,6.143349,22.481773,6,22,22,6,seed,
n493,397.988675,1020.063585,106,357,,,7.201896,19.295590,7,19,19,7,computed,
n494,209.055021,1069.784863,66,387,,,4.555528,21.169815,5,21,21,5,computed,
n495,404.961356,972.295397,119,340,,,8.061965,18.233529,8,18,18,8,computed,
n496,401.641032,1070.602991,114,391,,,7.731169,21.419712,8,21,21,8,computed,
n497,256.036921,1117.561083,79,409,,,5.415598,22.544247,5,23,23,5,computed,
n498,355.078068,1117.893116,103,410,22,7,7.003418,22.606721,7,23,22,7,seed,"SEED_CONFLICT seed=(22,7) computed=(23,7)"
n499,208.390956,1116.564986,63,407,,,4.357051,22.419299,4,22,22,4,computed,
n500,399.980870,1116.232954,109,405,,,7.400373,22.294350,7,22,22,7,computed,
n501,1032.061215,1023.036042,313,371,,,20.896848,20.170229,21,20,20,21,computed,
n502,983.722159,1023.366539,300,372,,,20.036779,20.232703,20,20,20,20,computed,
n503,1032.571217,973.747591,315,344,,,21.029166,18.483426,21,18,18,21,computed,
n504,1081.767209,1022.526040,325,370,20,22,21.690758,20.107754,22,20,20,22,seed,
n505,983.837130,973.237589,301,342,,,20.102938,18.358478,20,18,18,20,computed,
n506,1031.891214,1071.427654,312,394,21,21,20.830689,21.607135,21,22,21,21,seed,"SEED_CONFLICT seed=(21,21) computed=(22,21)"
n507,983.212157,1070.917653,296,392,21,20,19.772142,21.482186,20,21,21,20,seed,
n508,1082.537197,973.237589,328,342,,,21.889236,18.358478,22,18,18,22,computed,
n509,936.242892,1023.036042,286,371,,,19.110550,20.170229,19,20,20,19,computed,
n510,936.242892,973.747591,286,344,,,19.110550,18.483426,19,18,18,19,computed,
n511,1126.337978,1023.698571,336,373,20,23,22.418509,20.295177,22,20,20,23,seed,"SEED_CONFLICT seed=(20,23) computed=(20,22)"
n512,937.404324,1073.419849,290,398,21,19,19.375187,21.857031,19,22,21,19,seed,"SEED_CONFLICT seed=(21,19) computed=(22,19)"
n513,1133.310659,975.930383,345,347,,,23.013942,18.670849,23,19,19,23,computed,
n514,789.806615,1021.745286,236,365,,,15.802590,19.795384,16,20,20,16,computed,
n515,741.467559,1022.075783,219,367,,,14.677884,19.920332,15,20,20,15,computed,
n516,790.316617,972.456836,238,341,,,15.934909,18.296004,16,18,18,16,computed,
n517,839.512609,1021.235285,255,362,,,17.059615,19.607961,17,20,20,17,computed,
n518,741.582530,971.946834,220,339,,,14.744043,18.171055,15,18,18,15,computed,
n519,789.636614,1070.136899,235,389,21,16,15.736431,21.294764,16,21,21,16,seed,
n520,740.957557,1069.626897,215,386,21,15,14.413247,21.107341,14,21,21,15,seed,"SEED_CONFLICT seed=(21,15) computed=(21,14)"
n521,840.282597,971.946834,260,339,,,17.390411,18.171055,17,18,18,17,computed,
n522,839.092593,1070.816902,253,392,21,17,16.927297,21.482186,17,21,21,17,seed,
n523,693.988292,1021.745286,201,365,,,13.487019,19.795384,13,20,20,13,computed,
n524,693.988292,972.456836,201,341,,,13.487019,18.296004,13,18,18,13,computed,
n525,884.083378,1022.407816,268,369,,,17.919685,20.045280,18,20,20,18,computed,
n526,695.149724,1072.129094,207,396,21,14,13.883974,21.732083,14,22,21,14,seed,"SEED_CONFLICT seed=(21,14) computed=(22,14)"
n527,891.056059,974.639627,280,346,,,18.713595,18.608374,19,19,19,19,computed,
n528,887.735735,1072.947222,276,397,21,18,18.448958,21.794557,18,22,21,18,seed,"SEED_CONFLICT seed=(21,18) computed=(22,18)"
n529,149.914855,971.736093,37,338,,,2.636912,18.108581,3,18,18,3,computed,
n530,109.069883,971.467369,25,337,,,1.843001,18.046107,2,18,18,2,computed,
n531,56.811297,973.311449,12,342,,,0.982932,18.358478,1,18,18,1,computed,
n532,13.372322,972.561525,3,341,19,0,0.387499,18.296004,0,18,19,0,seed,"SEED_CONFLICT seed=(19,0) computed=(18,0)"
n533,14.550206,1022.616468,5,370,20,0,0.519818,20.107754,1,20,20,0,seed,"SEED_CONFLICT seed=(20,0) computed=(20,1)"
n534,55.156942,1023.941747,10,374,,,0.850614,20.357651,1,20,20,1,computed,
n535,109.252496,1019.041418,26,354,,,1.909161,19.108168,2,19,19,2,computed,
n536,157.122442,1020.847896,48,360,,,3.364663,19.483013,3,19,19,3,computed,
n537,13.036134,1070.421639,1,390,21,0,0.255181,21.357238,0,21,21,0,seed,
n538,57.793276,1069.152915,14,384,,,1.115250,20.982393,1,21,21,1,computed,
n539,106.700823,1065.771387,23,377,,,1.710683,20.545074,2,21,21,2,computed,
n540,157.683572,1067.615467,51,381,,,3.563140,20.794970,4,21,21,4,computed,
n541,17.228869,1117.189210,8,408,22,0,0.718295,22.481773,1,22,22,0,seed,"SEED_CONFLICT seed=(22,0) computed=(22,1)"
n542,59.392008,1116.401685,16,406,22,1,1.247569,22.356825,1,22,22,1,seed,
n543,109.855957,1119.283366,28,415,22,2,2.041479,22.919092,2,23,22,2,seed,"SEED_CONFLICT seed=(22,2) computed=(23,2)"
n544,157.725902,1119.052243,51,414,,,3.563140,22.856618,4,23,23,4,computed,
n545,1373.746831,1021.533732,413,364,,,27.512767,19.732909,28,20,20,28,computed,
n546,1325.407775,1021.864228,394,366,,,26.255742,19.857858,26,20,20,26,computed,
n547,1374.256832,972.245281,415,340,,,27.645085,18.233529,28,18,18,28,computed,
n548,1423.452825,1021.023730,433,361,20,29,28.835951,19.545487,29,20,20,29,seed,
n549,1325.522746,971.735279,395,338,,,26.321902,18.108581,26,18,18,26,computed,
n550,1373.576830,1069.925344,412,388,21,28,27.446608,21.232290,27,21,21,28,seed,"SEED_CONFLICT seed=(21,28) computed=(21,27)"
n551,1324.897773,1069.415342,391,385,,,26.057265,21.044867,26,21,21,26,computed,
n552,1424.222813,971.735279,436,338,,,29.034428,18.108581,29,18,18,29,computed,
n553,1277.928508,1021.533732,378,364,,,25.197195,19.732909,25,20,20,25,computed,
n554,1277.928508,972.245281,378,340,,,25.197195,18.233529,25,18,18,25,computed,
n555,1374.742928,1119.330505,417,415,22,28,27.777404,22.919092,28,23,22,28,seed,"SEED_CONFLICT seed=(22,28) computed=(23,28)"
n556,1468.023594,1022.196261,448,368,20,30,29.828339,19.982806,30,20,20,30,seed,
n557,1279.089939,1071.917539,383,395,21,26,25.527991,21.669609,26,22,21,26,seed,"SEED_CONFLICT seed=(21,26) computed=(22,26)"
n558,1474.996275,974.428073,460,345,,,30.622249,18.545900,31,19,19,31,computed,
n559,1326.071840,1119.693759,399,416,22,27,26.586538,22.981566,27,23,22,27,seed,"SEED_CONFLICT seed=(22,27) computed=(23,27)"
n560,1278.425874,1118.697662,380,412,22,26,25.329514,22.731670,25,23,22,26,seed,"SEED_CONFLICT seed=(22,26) computed=(23,25)"
n561,1181.198225,1019.732974,355,356,20,24,23.675534,19.233116,24,19,20,24,seed,"SEED_CONFLICT seed=(20,24) computed=(19,24)"
n562,1181.968213,970.444524,358,335,,,23.874012,17.921159,24,18,18,24,computed,
n563,1225.768994,1020.905505,364,360,20,25,24.270967,19.483013,24,19,20,25,seed,"SEED_CONFLICT seed=(20,25) computed=(19,24)"
n564,1232.741675,973.137317,374,342,,,24.932559,18.358478,25,18,18,25,computed,
n565,1670.223789,967.896881,526,330,19,34,34.988755,17.608788,35,18,19,34,seed,"SEED_CONFLICT seed=(19,34) computed=(18,35)"
n566,1719.419781,1016.675330,539,351,20,35,35.848825,18.920745,36,19,20,35,seed,"SEED_CONFLICT seed=(20,35) computed=(19,36)"
n567,1621.489703,967.386879,506,329,19,33,33.665572,17.546314,34,18,19,33,seed,"SEED_CONFLICT seed=(19,33) computed=(18,34)"
n568,1669.543786,1065.576944,523,376,21,34,34.790278,20.482599,35,20,21,34,seed,"SEED_CONFLICT seed=(21,34) computed=(20,35)"
n569,1720.189770,967.386879,542,329,,,36.047302,17.546314,36,18,18,36,computed,
n570,1718.999765,1066.256947,538,378,,,35.782666,20.607548,36,21,21,36,computed,
n571,1573.895464,967.896881,490,330,19,32,32.607025,17.608788,33,18,19,32,seed,"SEED_CONFLICT seed=(19,32) computed=(18,33)"
n572,1670.709884,1114.982106,529,402,,,35.187233,22.106928,35,22,22,35,computed,
n573,1763.990550,1017.847861,547,352,,,36.378098,18.983219,36,19,19,36,computed,
n574,1770.963231,970.079673,556,334,,,36.973531,17.858684,37,18,18,37,computed,
n575,1767.642907,1068.387267,553,383,,,36.775054,20.919919,37,21,21,37,computed,
n576,1622.038796,1115.345360,510,403,22,33,33.930208,22.169402,34,22,22,33,seed,"SEED_CONFLICT seed=(22,33) computed=(22,34)"
n577,1721.079943,1115.677392,545,404,,,36.245780,22.231876,36,22,22,36,computed,
n578,1765.982745,1114.017230,550,401,,,36.576576,22.044454,37,22,22,37,computed,
n579,1521.735950,1016.557106,469,350,20,31,31.217682,18.858271,31,19,20,31,seed,"SEED_CONFLICT seed=(20,31) computed=(19,31)"
n580,1528.708631,968.788917,484,332,,,32.210069,17.733736,32,18,18,32,computed,
n581,1812.304735,1014.190958,558,348,,,37.105849,18.733323,37,19,19,37,computed,
n582,1815.957092,1064.730365,564,375,,,37.502805,20.420125,38,20,20,38,computed,
n583,1814.296929,1110.360327,561,399,,,37.304327,21.919505,37,22,22,37,computed,
n584,1815.060439,968.174483,562,331,,,37.370486,17.671262,37,18,18,37,computed,
n585,1862.263269,916.526857,566,308,,,37.635123,16.234356,38,16,16,38,computed,
n586,1868.131548,1016.152345,570,349,,,37.899760,18.795797,38,19,19,38,computed,
n587,1867.241701,965.196646,569,328,,,37.833601,17.483839,38,17,17,38,computed,
n588,1864.133877,1070.729266,568,392,,,37.767441,21.482186,38,21,21,38,computed,
n589,1862.473715,1116.359229,567,406,,,37.701282,22.356825,38,22,22,38,computed,
n590,1908.795705,1016.532957,571,350,,,37.965919,18.858271,38,19,19,38,computed,
n591,1912.448062,1067.072363,574,379,,,38.164396,20.670022,38,21,21,38,computed,
n592,1910.787900,1112.702326,572,400,,,38.032078,21.981980,38,22,22,38,computed,
n593,1911.551409,970.516482,573,335,,,38.098237,17.921159,38,18,18,38,computed,
n594,498.291859,1155.477035,141,418,23,10,9.517467,23.106515,10,23,23,10,seed,
n595,449.620771,1155.840289,121,419,,,8.194284,23.168989,8,23,23,8,computed,
n596,548.661918,1156.172322,153,420,23,11,10.311378,23.231463,10,23,23,11,seed,"SEED_CONFLICT seed=(23,11) computed=(23,10)"
n597,401.974806,1154.844192,115,417,23,8,7.797329,23.044040,8,23,23,8,seed,
n598,449.069939,1209.414910,120,432,24,9,8.128124,23.981153,8,24,24,9,seed,"SEED_CONFLICT seed=(24,9) computed=(24,8)"
n599,1281.830552,1167.564209,385,430,23,26,25.660310,23.856205,26,24,23,26,seed,"SEED_CONFLICT seed=(23,26) computed=(24,26)"
n600,1281.499865,1216.015716,384,440,24,26,25.594150,24.480946,26,24,24,26,seed,
n601,1284.734624,1262.392019,386,451,25,26,25.726469,25.168162,26,25,25,26,seed,
n602,1329.228315,1256.888255,400,445,25,27,26.652698,24.793317,27,25,25,27,seed,
n603,1323.304542,1217.541758,387,443,24,27,25.792628,24.668369,26,25,24,27,seed,"SEED_CONFLICT seed=(24,27) computed=(25,26)"
n604,251.881450,1162.741170,67,422,23,5,4.621687,23.356411,5,23,23,5,seed,
n605,204.235485,1161.745072,54,421,,,3.761618,23.293937,4,23,23,4,computed,
n606,105.700486,1164.463453,20,425,23,2,1.512206,23.543834,2,24,23,2,seed,"SEED_CONFLICT seed=(23,2) computed=(24,2)"
n607,153.570431,1164.232330,41,424,,,2.901548,23.481360,3,23,23,3,computed,
n608,203.328558,1212.501810,52,435,24,4,3.629300,24.168575,4,24,24,4,seed,
n609,152.663505,1214.989067,39,438,,,2.769230,24.355998,3,24,24,3,computed,
n610,203.749762,1265.914807,53,458,25,4,3.695459,25.605481,4,26,25,4,seed,"SEED_CONFLICT seed=(25,4) computed=(26,4)"
n611,153.084709,1268.402064,40,459,,,2.835389,25.667955,3,26,26,3,computed,
n612,206.092851,1308.437140,57,463,26,4,3.960096,25.917852,4,26,26,4,seed,
n613,155.427798,1310.924397,45,466,,,3.166185,26.105275,3,26,26,3,computed,
n614,110.677630,1211.060091,29,433,24,2,2.107638,24.043627,2,24,24,2,seed,
n615,111.098834,1264.473088,30,455,25,2,2.173797,25.418059,2,25,25,2,seed,
n616,113.441923,1306.995421,34,461,26,2,2.438434,25.792904,2,26,26,2,seed,
n617,205.251497,1356.398292,55,476,27,4,3.827777,26.730016,4,27,27,4,seed,
n618,154.586444,1358.885549,42,478,,,2.967708,26.854965,3,27,27,3,computed,
n619,205.672701,1409.811289,56,494,28,4,3.893936,27.854551,4,28,28,4,seed,
n620,155.007647,1412.298546,43,499,,,3.033867,28.166922,3,28,28,3,computed,
n621,208.015790,1452.333622,61,508,29,4,4.224732,28.729190,4,29,29,4,seed,
n622,157.350736,1454.820880,49,511,,,3.430822,28.916612,3,29,29,3,computed,
n623,112.600569,1354.956573,32,474,27,2,2.306116,26.605068,2,27,27,2,seed,
n624,113.021773,1408.369570,33,492,,,2.372275,27.729603,2,28,28,2,computed,
n625,115.364862,1450.891903,35,506,,,2.504593,28.604241,3,29,29,3,computed,
n626,63.425387,1404.024219,18,486,28,1,1.379887,27.354758,1,27,28,1,seed,"SEED_CONFLICT seed=(28,1) computed=(27,1)"
n627,65.768476,1446.546552,19,502,29,1,1.446046,28.354345,1,28,29,1,seed,"SEED_CONFLICT seed=(29,1) computed=(28,1)"
n628,109.711981,1504.749542,27,518,,,1.975320,29.353931,2,29,29,2,computed,
n629,112.055070,1547.271875,31,529,31,2,2.239957,30.041147,2,30,31,2,seed,"SEED_CONFLICT seed=(31,2) computed=(30,2)"
n630,60.115595,1500.404190,17,512,30,1,1.313728,28.979086,1,29,30,1,seed,"SEED_CONFLICT seed=(30,1) computed=(29,1)"
n631,59.193732,1546.191476,15,528,31,1,1.181410,29.978673,1,30,31,1,seed,"SEED_CONFLICT seed=(31,1) computed=(30,1)"
n632,155.497553,1502.905267,45,516,30,3,3.166185,29.228983,3,29,30,3,seed,"SEED_CONFLICT seed=(30,3) computed=(29,3)"
n633,14.808469,1544.587436,6,527,31,0,0.585977,29.916199,1,30,31,0,seed,"SEED_CONFLICT seed=(31,0) computed=(30,1)"
n634,1624.461871,1165.593025,512,428,,,34.062527,23.731256,34,24,24,34,computed,
n635,1574.585876,1214.494639,493,437,,,32.805502,24.293524,33,24,24,33,computed,
n636,1624.041855,1215.174642,511,439,,,33.996368,24.418472,34,24,24,34,computed,
n637,1575.751974,1263.899801,497,453,,,33.070139,25.293110,33,25,25,33,computed,
n638,1669.032640,1166.765556,520,429,,,34.591800,23.793730,35,24,24,35,computed,
n639,1672.684997,1217.304962,533,442,,,35.451870,24.605895,35,25,25,35,computed,
n640,1527.080886,1264.263054,478,454,,,31.813114,25.355585,32,25,25,32,computed,
n641,1626.122033,1264.595087,514,456,,,34.194845,25.480533,34,25,25,34,computed,
n642,1671.024835,1262.934925,530,452,,,35.253392,25.230636,35,25,25,35,computed,
n643,1717.346825,1163.108653,534,423,,,35.518029,23.418885,36,23,23,36,computed,
n644,1720.999182,1213.648059,544,436,,,36.179621,24.231050,36,24,24,36,computed,
n645,1719.339019,1259.278022,539,446,,,35.848825,24.855791,36,25,25,36,computed,
n646,1765.523611,1169.107555,548,431,,,36.444258,23.918679,36,24,24,36,computed,
n647,1769.175967,1219.646961,554,444,,,36.841213,24.730843,37,25,25,37,computed,
n648,1767.515805,1265.276924,552,457,,,36.708894,25.543007,37,26,26,37,computed,
n649,1813.837795,1165.450652,559,427,,,37.172009,23.668782,37,24,24,37,computed,
n650,1817.490152,1215.990058,565,440,,,37.568964,24.480946,38,24,24,38,computed,
n651,1815.829990,1261.620021,563,450,,,37.436645,25.105688,37,25,25,37,computed,
n652,1624.389301,1312.807163,512,469,,,34.062527,26.292697,34,26,26,34,computed,
n653,1574.513306,1361.708777,493,481,,,32.805502,27.042387,33,27,27,33,computed,
n654,1623.969285,1362.388779,511,482,,,33.996368,27.104861,34,27,27,34,computed,
n655,1575.679404,1411.113938,497,496,,,33.070139,27.979500,33,28,28,33,computed,
n656,1668.960070,1313.979694,520,470,,,34.591800,26.355171,35,26,26,35,computed,
n657,1672.612427,1364.519100,533,484,,,35.451870,27.229810,35,27,27,35,computed,
n658,1527.008316,1411.477192,478,497,,,31.813114,28.041974,32,28,28,32,computed,
n659,1626.049463,1411.809225,514,498,,,34.194845,28.104448,34,28,28,34,computed,
n660,1670.952265,1410.149062,530,495,,,35.253392,27.917026,35,28,28,35,computed,
n661,1717.274255,1310.322791,534,465,,,35.518029,26.042800,36,26,26,36,computed,
n662,1720.926612,1360.862197,544,480,,,36.179621,26.979913,36,27,27,36,computed,
n663,1719.266449,1406.492160,539,491,,,35.848825,27.667129,36,28,28,36,computed,
n664,1765.451041,1316.321693,548,472,,,36.444258,26.480120,36,26,26,36,computed,
n665,1769.103397,1366.861099,554,485,,,36.841213,27.292284,37,27,27,37,computed,
n666,1767.443235,1412.491061,552,500,,,36.708894,28.229396,37,28,28,37,computed,
n667,1813.765225,1312.664790,559,468,,,37.172009,26.230223,37,26,26,37,computed,
n668,1817.417582,1363.204196,565,483,,,37.568964,27.167336,38,27,27,38,computed,
n669,1815.757420,1408.834159,563,493,,,37.436645,27.792077,37,28,28,37,computed,
n670,1574.673595,1162.682386,494,422,23,32,32.871661,23.356411,33,23,23,32,seed,"SEED_CONFLICT seed=(23,32) computed=(23,33)"
n671,1520.216113,1211.651816,466,434,,,31.019204,24.106101,31,24,24,31,computed,
n672,1481.360253,1214.966786,465,438,24,30,30.953045,24.355998,31,24,24,30,seed,"SEED_CONFLICT seed=(24,30) computed=(24,31)"
n673,1422.233564,1215.168952,426,439,24,29,28.372836,24.418472,28,24,24,29,seed,"SEED_CONFLICT seed=(24,29) computed=(24,28)"
n674,1378.708498,1216.927519,421,441,24,28,28.042041,24.543420,28,25,24,28,seed,"SEED_CONFLICT seed=(24,28) computed=(25,28)"
n675,1525.174951,1164.701911,476,426,23,31,31.680796,23.606308,32,24,23,31,seed,"SEED_CONFLICT seed=(23,31) computed=(24,32)"
n676,1428.151944,1260.673377,441,447,,,29.365224,24.918265,29,25,25,29,computed,
n677,1379.480856,1261.036631,423,448,,,28.174359,24.980740,28,25,25,28,computed,
n678,1478.522004,1261.368663,464,449,,,30.886886,25.043214,31,25,25,31,computed,
n679,1574.062531,1311.703028,491,467,,,32.673184,26.167749,33,26,26,33,computed,
n680,1532.107700,1314.874350,485,471,,,32.276229,26.417646,32,26,26,32,computed,
n681,1527.414420,1358.901226,479,478,,,31.879273,26.854965,32,27,27,32,computed,
n682,1427.496795,1307.308764,440,462,,,29.299065,25.855378,29,26,26,29,computed,
n683,1377.620800,1356.210379,419,475,,,27.909722,26.667542,28,27,27,28,computed,
n684,1427.076779,1356.890381,439,477,,,29.232906,26.792491,29,27,27,29,computed,
n685,1378.786898,1405.615540,422,488,,,28.108200,27.479706,28,27,27,28,computed,
n686,1472.067564,1308.481295,455,463,,,30.291453,25.917852,30,26,26,30,computed,
n687,1475.719921,1359.020701,463,479,,,30.820726,26.917439,31,27,27,31,computed,
n688,1330.115810,1405.978794,402,489,28,27,26.785016,27.542181,27,28,28,27,seed,
n689,1429.156957,1406.310826,443,490,,,29.497543,27.604655,29,28,28,29,computed,
n690,1474.059759,1404.650664,457,487,,,30.423771,27.417232,30,27,27,30,computed,
n691,1377.170025,1306.204630,418,460,,,27.843563,25.730430,28,26,26,28,computed,
n692,1335.215194,1309.375952,406,464,26,27,27.049653,25.980326,27,26,26,27,seed,
n693,1330.521914,1353.402827,403,473,27,27,26.851175,26.542594,27,27,27,27,seed,
n694,1575.349933,1452.358997,496,508,,,33.003980,28.729190,33,29,29,33,computed,
n695,1526.678845,1452.722251,477,509,,,31.746955,28.791664,32,29,29,32,computed,
n696,1625.719992,1453.054284,513,510,,,34.128686,28.854138,34,29,29,34,computed,
n697,1670.622794,1451.394122,528,507,,,35.121074,28.666716,35,29,29,35,computed,
n698,1378.457427,1446.860599,420,503,,,27.975881,28.416819,28,28,28,28,computed,
n699,1329.786339,1447.223853,401,504,29,27,26.718857,28.479293,27,28,29,27,seed,"SEED_CONFLICT seed=(29,27) computed=(28,27)"
n700,1428.827486,1447.555885,442,505,,,29.431383,28.541767,29,29,29,29,computed,
n701,1473.730288,1445.895723,456,501,,,30.357612,28.291871,30,28,28,30,computed,
n702,1577.058063,1507.870671,499,520,,,33.202457,29.478880,33,29,29,33,computed,
n703,1528.386975,1508.233925,482,521,,,32.077751,29.541354,32,30,30,32,computed,
n704,1627.428122,1508.565957,516,522,,,34.327164,29.603828,34,30,30,34,computed,
n705,1672.330924,1506.905795,532,519,,,35.385711,29.416406,35,29,29,35,computed,
n706,1380.165557,1502.372272,425,514,,,28.306677,29.104035,28,29,29,28,computed,
n707,1331.494469,1502.735526,405,515,,,26.983493,29.166509,27,29,29,27,computed,
n708,1430.535616,1503.067559,445,517,,,29.629861,29.291457,30,29,29,30,computed,
n709,1475.438418,1501.407396,462,513,,,30.754567,29.041561,31,29,29,31,computed,
n710,1576.728592,1549.115730,498,531,,,33.136298,30.166096,33,30,30,33,computed,
n711,1528.057504,1549.478984,480,532,,,31.945433,30.228570,32,30,30,32,computed,
n712,1627.098651,1549.811016,515,533,,,34.261004,30.291044,34,30,30,34,computed,
n713,1672.001453,1548.150854,531,530,,,35.319551,30.103621,35,30,30,35,computed,
n714,1379.836086,1543.617331,424,524,,,28.240518,29.728776,28,30,30,28,computed,
n715,1331.164998,1543.980585,404,525,,,26.917334,29.791251,27,30,30,27,computed,
n716,1430.206145,1544.312618,444,526,,,29.563702,29.853725,30,30,30,30,computed,
n717,1475.108947,1542.652456,461,523,,,30.688408,29.666302,31,30,30,31,computed,
n718,1474.725715,338.116705,459,44,,,30.556090,-0.258825,31,0,0,31,computed,
