id,xc,yc,old_label,new_label
n207,13.161875834655248,772.7291532359272,,"15,0"
n208,14.339759861054873,822.784095485616,,"16,0"
n212,12.82568774591148,870.589267186559,,"17,0"
n216,17.018423166448272,917.3568375173784,"18,0","18,0"
n532,13.372322075315324,972.5615254635193,"19,0","19,0"
n533,14.550206101714949,1022.6164677132081,"20,0","20,0"
n537,13.036133986571613,1070.421639414151,"21,0","21,0"
n541,17.228869407108405,1117.1892097449704,"22,0","22,0"
n633,14.808469465918165,1544.5874360420923,"31,0","31,0"
n206,56.600850723574254,773.4790767521758,,"15,1"
n209,54.946495952154876,824.1093747096147,,"16,1"
n213,57.58282931750615,869.3205429852487,,"17,1"
n217,59.18156131273385,916.5693126310061,,"18,1"
n531,56.81129696423422,973.3114489797679,,"19,1"
n534,55.156942192814896,1023.9417469372067,,"20,1"
n538,57.79327555816634,1069.1529152128408,,"21,1"
n542,59.392007553393924,1116.4016848585982,"22,1","22,1"
n626,63.425386660032416,1404.0242186963094,"28,1","28,1"
n627,65.76847565199424,1446.546551731968,"29,1","29,1"
n630,60.11559526031219,1500.4041901796786,"30,1","30,1"
n631,59.19373186407232,1546.1914756035392,"31,1","31,1"
n201,106.22310389319323,627.3704990907925,,"12,2"
n205,108.85943725854465,771.6349968431152,,"15,2"
n210,109.04204985486281,819.2090457128716,,"16,2"
n214,106.49037636959561,865.9390146735673,,"17,2"
n218,109.64551042000882,919.4509939101904,,"18,2"
n530,109.06988349920483,971.4673690707073,,"19,2"
n535,109.25249609552283,1019.0414179404636,,"20,2"
n539,106.70082261025563,1065.7713869011593,,"21,2"
n543,109.85595666066901,1119.2833661377824,"22,2","22,2"
n606,105.70048557633324,1164.463452529256,"23,2","23,2"
n614,110.67763023159615,1211.060090792366,"24,2","24,2"
n615,111.09883376528968,1264.473087808843,"25,2","25,2"
n616,113.4419227572515,1306.9954208445017,"26,2","26,2"
n623,112.60056898003343,1354.956573068652,"27,2","27,2"
n624,113.02177251372696,1408.369570085129,,"28,2"
n625,115.36486150568878,1450.8919031207877,,"29,2"
n628,109.71198111400675,1504.7495415684982,,"30,2"
n629,112.05507010596854,1547.271874604157,"31,2","31,2"
n200,156.31479579055474,626.4860605063857,,"12,3"
n202,151.4990461498498,675.8690392852957,,"13,3"
n203,155.27093360155874,719.2171739993039,,"14,3"
n204,149.70440872215443,771.9037210444255,,"15,3"
n211,156.91199553682856,821.0155242518088,,"16,3"
n215,157.47312616193244,867.7830945826279,,"17,3"
n219,157.51545610197445,919.2198710790037,,"18,3"
n529,157.1224417774887,971.7360932720176,,"19,3"
n536,157.1224417774887,1020.8478964794008,,"20,3"
n540,157.68357240259263,1067.6154668102197,,"21,3"
n544,157.7259023426344,1119.0522433065955,,"22,3"
n607,153.57043125829864,1164.2323296980692,,"23,3"
n609,152.66350503823384,1214.9890672070298,,"24,3"
n611,153.08470857192737,1268.4020642235068,,"25,3"
n613,155.42779756388921,1310.9243972591655,,"26,3"
n618,154.5864437866711,1358.8855494833158,,"27,3"
n620,155.00764732036464,1412.2985464997928,,"28,3"
n622,157.3507363123265,1454.8208795354515,,"29,3"
n632,155.4975526188793,1502.90526658438,"30,3","30,3"
n137,207.3664918840165,484.17061173212466,,"9,4"
n139,207.3664918840165,530.7505606926061,,"10,4"
n138,207.3664918840165,580.0390112925528,,"11,4"
n142,208.52792362361038,630.4228186052745,,"12,4"
n148,207.86385874673124,677.2029418546841,,"13,4"
n37,207.68314269277,723.7002837558795,,"14,4"
n39,207.68314269277,770.280232716361,,"15,4"
n38,207.68314269277,819.5686833163077,,"16,4"
n42,208.84457443236386,869.9524906290294,,"17,4"
n48,208.18050955548472,916.732613878439,,"18,4"
n491,207.89358893343,970.112604943953,,"19,4"
n490,207.89358893343,1019.4010555438997,,"20,4"
n494,209.05502067302405,1069.7848628566214,,"21,4"
n499,208.39095579614468,1116.564986106031,,"22,4"
n605,204.2354847118089,1161.7450724975047,,"23,4"
n608,203.3285584917441,1212.5018100064653,"24,4","24,4"
n610,203.74976202543763,1265.9148070229423,"25,4","25,4"
n612,206.09285101739945,1308.437140058601,"26,4","26,4"
n617,205.25149724018138,1356.3982922827513,"27,4","27,4"
n619,205.6727007738749,1409.8112892992283,"28,4","28,4"
n621,208.01578976583673,1452.333622334887,"29,4","29,4"
n354,257.90474512823977,434.68870765604,,"8,5"
n136,255.64073294809987,483.870521749818,,"9,5"
n129,254.96073051417557,530.2405588671629,,"10,5"
n126,254.84575906824756,580.3695080809647,,"11,5"
n131,254.3357572428044,627.920622149194,,"12,5"
n146,255.5098239451267,678.199039170003,,"13,5"
n36,255.95738375685335,723.4001937735728,,"14,5"
n29,255.27738132292905,769.7702308909178,,"15,5"
n26,255.16240987700104,819.8991801047196,,"16,5"
n31,254.65240805155787,867.4502941729487,,"17,5"
n46,255.82647475388018,917.7287111937578,,"18,5"
n485,255.48782756358924,969.6026031185098,,"19,5"
n482,255.37285611766106,1019.7315523323116,,"20,5"
n487,254.8628542922179,1067.2826664005406,,"21,5"
n497,256.0369209945402,1117.5610834213498,,"22,5"
n604,251.88144991020442,1162.7411698128235,"23,5","23,5"
n352,307.5733338963117,435.1613350801313,,"8,6"
n134,302.84481357358254,482.3405162734884,,"9,6"
n127,303.69481661598786,530.7505606926061,,"10,6"
n125,303.1848147905447,580.0390112925528,,"11,6"
n130,303.0148141820637,628.4306239746371,,"12,6"
n140,304.1809121058634,677.8357852541134,,"13,6"
n34,303.161464382336,721.8701882972432,,"14,6"
n27,304.01146742474134,770.280232716361,,"15,6"
n25,303.5014655992982,819.5686833163077,,"16,6"
n30,303.33146499081715,867.9602959983919,,"17,6"
n40,304.4975629146169,917.3654572778681,,"18,6"
n483,304.2219136654014,970.112604943953,,"19,6"
n481,303.71191183995825,1019.4010555438997,,"20,6"
n486,303.5419112314771,1067.792668225984,,"21,6"
n492,304.70800915527707,1117.19782950546,"22,6","22,6"
n350,353.38116751550587,432.65913862405074,,"8,7"
n135,353.0608096167141,482.00051505652624,,"9,7"
n132,353.6607974470927,530.2405588671629,,"10,7"
n128,352.8908090082332,579.5290094671096,,"11,7"
n133,352.47079318772535,629.1106264085612,,"12,7"
n147,354.55097120043115,678.5310716084426,,"13,7"
n35,353.3774604254676,721.530187080281,,"14,7"
n32,353.9774482558462,769.7702308909178,,"15,7"
n28,353.20745981698667,819.0586814908644,,"16,7"
n33,352.7874439964788,868.6402984323161,,"17,7"
n47,354.86762200918463,918.0607436321974,,"18,7"
n488,354.18789449650626,969.6026031185098,,"19,7"
n484,353.41790605764663,1018.8910537184564,,"20,7"
n489,352.997890237139,1068.472670659908,,"21,7"
n498,355.0780682498448,1117.8931158597893,"22,7","22,7"
n349,402.0602244547651,433.1691404494939,,"8,8"
n145,400.4498699299852,483.3366135888071,,"9,8"
n143,404.43425919126037,532.9333523711448,,"10,8"
n141,397.4615779840291,580.7015405194044,,"11,8"
n144,401.11393480686445,631.2409465335896,,"12,8"
n149,399.4537726146665,676.8709094162447,,"13,8"
n45,400.7665207387387,722.8662856125619,,"14,8"
n43,404.75091000001385,772.4630243948995,,"15,8"
n41,397.77822879278256,820.2312125431591,,"16,8"
n44,401.43058561561793,870.7706185573445,,"17,8"
n49,399.77042342341997,916.4005814399995,,"18,8"
n495,404.9613562406739,972.2953966224916,,"19,8"
n493,397.98867503344263,1020.0635847707512,,"20,8"
n496,401.641031856278,1070.6029907849365,,"21,8"
n500,399.98086966408005,1116.2329536675916,,"22,8"
n597,401.9748056265796,1154.8441920015564,"23,8","23,8"
n351,451.516203460427,433.849142883418,,"8,9"
n112,449.6210918353424,485.4613670845311,,"9,9"
n114,449.6210918353424,532.0413160450125,,"10,9"
n113,449.6210918353424,581.3297666449592,,"11,9"
n117,450.78252357493625,631.713573957681,,"12,9"
n123,450.1184586980571,678.4936972070906,,"13,9"
n12,449.93774264409586,724.9910391082859,,"14,9"
n14,449.93774264409586,771.5709880687674,,"15,9"
n13,449.93774264409586,820.8594386687141,,"16,9"
n17,451.09917438368973,871.2432459814358,,"17,9"
n23,450.4351095068106,918.0233692308454,,"18,9"
n471,450.1481888847559,971.4033602963594,,"19,9"
n470,450.1481888847559,1020.6918108963062,,"20,9"
n474,451.3096206243499,1071.0756182090279,,"21,9"
n479,450.64555574747055,1117.8557414584375,,"22,9"
n595,449.6207708249751,1155.8402893168752,,"23,9"
n598,449.069939355328,1209.4149096404108,"24,9","24,9"
n353,500.159345079566,435.97946300844643,,"8,10"
n111,497.89533289942574,485.16127710222446,,"9,10"
n104,497.21533046550144,531.5313142195694,,"10,10"
n101,497.10035901957343,581.6602634333711,,"11,10"
n106,496.59035719413026,629.2113775016004,,"12,10"
n121,497.76442389645257,679.4897945224094,,"13,10"
n11,498.2119837081792,724.6909491259793,,"14,10"
n4,497.5319812742549,771.0609862433242,,"15,10"
n1,497.4170098283269,821.189935457126,,"16,10"
n6,496.90700800288374,868.7410495253552,,"17,10"
n21,498.08107470520605,919.0194665461643,,"18,10"
n465,497.7424275149151,970.8933584709163,,"19,10"
n462,497.62745606898693,1021.022307684718,,"20,10"
n467,497.11745424354376,1068.573421752947,,"21,10"
n477,498.29152094586607,1118.8518387737563,,"22,10"
n594,498.291858985712,1155.4770354009854,"23,10","23,10"
n340,550.7750424009694,88.26518231081,,"1,11"
n341,550.3550265804615,137.84679925226177,,"2,11"
n344,552.4352045931673,187.267244452143,,"3,11"
n318,551.2616938182038,230.26635992398164,,"4,11"
n316,551.8616816485822,278.5064037346184,,"5,11"
n315,551.0916932097228,327.794854334565,,"6,11"
n317,550.671677389215,377.37647127601656,,"7,11"
n323,552.7518554019208,426.796916475898,,"8,11"
n109,545.0994135249084,483.63127162589484,,"9,11"
n102,545.9494165673137,532.0413160450125,,"10,11"
n100,545.4394147418706,581.3297666449592,,"11,11"
n105,545.2694141333895,629.7213793270436,,"12,11"
n115,546.4355120571893,679.1265406065198,,"13,11"
n9,545.4160643336619,723.1609436496497,,"14,11"
n2,546.2660673760672,771.5709880687674,,"15,11"
n0,545.756065550624,820.8594386687141,,"16,11"
n5,545.586064942143,869.2510513507983,,"17,11"
n15,546.7521628659428,918.6562126302746,,"18,11"
n463,546.4765136167273,971.4033602963594,,"19,11"
n461,545.9665117912841,1020.6918108963062,,"20,11"
n466,545.796511182803,1069.0834235783905,,"21,11"
n472,546.9626091066029,1118.4885848578665,,"22,11"
n596,548.6619180802797,1156.1723217553147,"23,11","23,11"
n342,595.3458113767651,89.43771336310475,,"1,12"
n343,598.9981681996005,139.97711937729022,,"2,12"
n345,597.3380060074026,185.60708225994526,,"3,12"
n322,598.6507541314749,231.6024584562625,,"4,12"
n320,602.6351433927499,281.19919723860005,,"5,12"
n319,595.6624621855186,328.96738538685975,,"6,12"
n321,599.314819008354,379.506791401045,,"7,12"
n324,597.654656816156,425.13675428370004,,"8,12"
n110,595.31540956804,483.2912704089327,,"9,12"
n107,595.9153973984186,531.5313142195694,,"10,12"
n103,595.1454089595591,580.8197648195161,,"11,12"
n108,594.7253931390512,630.4013817609676,,"12,12"
n122,596.805571151757,679.8218269608491,,"13,12"
n10,595.6320603767934,722.8209424326875,,"14,12"
n7,596.232048207172,771.0609862433242,,"15,12"
n3,595.4620597683125,820.3494368432708,,"16,12"
n8,595.0420439478047,869.9310537847225,,"17,12"
n22,597.1222219605105,919.3514989846038,,"18,12"
n468,596.4424944478321,970.8933584709163,,"19,12"
n464,595.6725060089725,1020.1818090708629,,"20,12"
n469,595.2524901884649,1069.7634260123145,,"21,12"
n478,597.3326682011707,1119.1838712121958,"22,12","22,12"
n331,647.5053252280785,90.06593948865985,,"1,13"
n334,648.6667569676724,140.44974680138156,,"2,13"
n338,648.0026920907933,187.22987005079116,,"3,13"
n302,647.821976036832,233.7272119519865,,"4,13"
n304,647.821976036832,280.307160912468,,"5,13"
n303,647.821976036832,329.5956115124146,,"6,13"
n307,648.9834077764259,379.97941882513635,,"7,13"
n313,648.3193428995468,426.75954207454595,,"8,13"
n120,642.7044698813111,484.62736894121355,,"9,13"
n118,646.6888591425862,534.2241077235512,,"10,13"
n116,639.716177935355,581.9922958718108,,"11,13"
n119,643.3685347581903,632.5317018859961,,"12,13"
n124,641.7083725659924,678.1616647686511,,"13,13"
n20,643.0211206900645,724.1570409649684,,"14,13"
n18,647.0055099513397,773.753779747306,,"15,13"
n16,640.0328287441084,821.5219678955656,,"16,13"
n19,643.6851855669438,872.061373909751,,"17,13"
n24,642.0250233747458,917.691336792406,,"18,13"
n475,647.2159561919998,973.586151974898,,"19,13"
n473,640.2432749847685,1021.3543401231576,,"20,13"
n476,643.8956318076039,1071.893746137343,,"21,13"
n480,642.2354696154059,1117.523709019998,"22,13","22,13"
n326,694.9845924123097,90.39643627707174,,"1,14"
n329,694.4745905868663,137.94755034530075,,"2,14"
n336,695.6486572891886,188.22596736610998,,"3,14"
n301,696.0962171009155,233.42712196967986,,"4,14"
n294,695.416214666991,279.79715908702485,,"5,14"
n291,695.301243221063,329.9261083008265,,"6,14"
n296,694.7912413956201,377.47722236905577,,"7,14"
n311,695.9653080979424,427.75563938986477,,"8,14"
n187,693.4611948016693,486.5148425802458,,"9,14"
n189,693.4611948016693,533.0947915407273,,"10,14"
n188,693.4611948016693,582.383242140674,,"11,14"
n192,694.6226265412632,632.7670494533958,,"12,14"
n198,693.9585616643841,679.5471727028054,,"13,14"
n87,693.7778456104228,726.0445146040006,,"14,14"
n89,693.7778456104228,772.6244635644821,,"15,14"
n88,693.7778456104228,821.9129141644288,,"16,14"
n92,694.9392773500167,872.2967214771505,,"17,14"
n98,694.2752124731376,919.0768447265601,,"18,14"
n524,693.988291851083,972.4568357920741,,"19,14"
n523,693.988291851083,1021.7452863920208,,"20,14"
n526,695.1497235906768,1072.1290937047424,"21,14","21,14"
n325,743.3236481346071,90.06593948865985,,"1,15"
n328,743.153647526126,138.45755217074392,,"2,15"
n332,744.3197454499259,187.86271345022018,,"3,15"
n299,743.3002977263982,231.89711649335013,,"4,15"
n292,744.1503007688034,280.307160912468,,"5,15"
n290,743.6402989433604,329.5956115124146,,"6,15"
n295,743.4702983348793,377.98722419449894,,"7,15"
n305,744.6363962586793,427.3923854739752,,"8,15"
n186,741.7354358657527,486.21475259793914,,"9,15"
n179,741.0554334318284,532.5847897152842,,"10,15"
n176,740.9404619859004,582.7137389290859,,"11,15"
n181,740.4304601604572,630.264852997315,,"12,15"
n196,741.6045268627795,680.5432700181242,,"13,15"
n86,742.0520866745062,725.744424621694,,"14,15"
n79,741.3720842405819,772.1144617390389,,"15,15"
n76,741.2571127946538,822.2434109528407,,"16,15"
n81,740.7471109692107,869.7945250210698,,"17,15"
n96,741.921177671533,920.072942041879,,"18,15"
n518,741.582530481242,971.946833966631,,"19,15"
n515,741.467559035314,1022.0757831804327,,"20,15"
n520,740.9575572098706,1069.6268972486619,"21,15","21,15"
n327,793.0296423522955,89.55593766321645,,"1,16"
n330,792.6096265317879,139.13755460466822,,"2,16"
n337,794.6898045444937,188.55799980454944,,"3,16"
n300,793.51629376953,231.5571152763881,,"4,16"
n297,794.1162815999082,279.79715908702485,,"5,16"
n293,793.3462931610488,329.08560968697145,,"6,16"
n298,792.9262773405412,378.667226628423,,"7,16"
n312,795.006455353247,428.08767182830445,,"8,16"
n184,788.9395164912354,484.6847471216095,,"9,16"
n177,789.7895195336406,533.0947915407273,,"10,16"
n175,789.2795177081974,582.383242140674,,"11,16"
n180,789.1095170997165,630.7748548227581,,"12,16"
n190,790.2756150235163,680.1800161022344,,"13,16"
n84,789.2561672999889,724.2144191453643,,"14,16"
n77,790.1061703423941,772.6244635644821,,"15,16"
n75,789.5961685169509,821.9129141644288,,"16,16"
n80,789.42616790847,870.304526846513,,"17,16"
n90,790.5922658322697,919.7096881259893,,"18,16"
n516,790.3166165830542,972.4568357920741,,"19,16"
n514,789.806614757611,1021.7452863920208,,"20,16"
n519,789.6366141491301,1070.136899074105,"21,16","21,16"
n333,837.6004113280915,90.7284687155112,,"1,17"
n335,841.2527681509268,141.26787472969667,,"2,17"
n339,839.5926059587287,186.8978376123517,,"3,17"
n310,843.7322898126617,232.89321380866895,,"4,17"
n308,844.8897433440761,282.4899525910065,,"5,17"
n306,843.2770169401037,330.2581407392662,,"6,17"
n309,841.5694189596802,380.79754675345146,,"7,17"
n314,839.909256767482,426.4275096361065,,"8,17"
n185,839.155512534367,484.34474590464737,,"9,17"
n182,839.7555003647454,532.5847897152842,,"10,17"
n178,838.985511925886,581.8732403152306,,"11,17"
n183,838.5654961053782,631.4548572566824,,"12,17"
n197,840.645674118084,680.8753024565636,,"13,17"
n85,839.4721633431204,723.8744179284022,,"14,17"
n82,840.0721511734989,772.1144617390389,,"15,17"
n78,839.3021627346395,821.4029123389855,,"16,17"
n83,838.8821469141317,870.9845292804372,,"17,17"
n97,840.9623249268375,920.4049744803185,,"18,17"
n521,840.2825974141588,971.946833966631,,"19,17"
n517,839.5126089752994,1021.2352845665775,,"20,17"
n522,839.0925931547918,1070.8169015080293,"21,17","21,17"
n346,885.2258040038062,90.0284769172261,,"1,18"
n347,888.8781608266415,140.56788293141156,,"2,18"
n348,887.2179986344433,186.1978458140666,,"3,18"
n370,893.2077407191587,331.31165363582846,,"6,18"
n371,892.7877248986508,380.89327057728,,"7,18"
n374,894.8679029113566,430.31371577716146,,"8,18"
n195,886.544572847638,485.6808444369282,,"9,18"
n193,890.5289621089131,535.2775832192658,,"10,18"
n191,883.5562809016818,583.0457713675254,,"11,18"
n194,887.2086377245172,633.5851773817109,,"12,18"
n199,885.5484755323192,679.2151402643659,,"13,18"
n95,886.8612236563915,725.210516460683,,"14,18"
n93,890.8456129176666,774.8072552430207,,"15,18"
n91,883.8729317104353,822.5754433912803,,"16,18"
n94,887.5252885332707,873.1148494054656,,"17,18"
n99,885.8651263410727,918.7448122881207,,"18,18"
n527,891.0560591583267,974.6396274706127,,"19,18"
n525,884.0833779510954,1022.4078156188723,,"20,18"
n528,887.7357347739307,1072.9472216330578,"21,18","21,18"
n372,937.7785096949544,332.4841846881232,,"6,19"
n373,941.4308665177898,383.02359070230847,,"7,19"
n375,939.7707043255919,428.6535535849635,,"8,19"
n162,935.7157947529952,487.80559793265223,,"9,19"
n164,935.7157947529952,534.3855468931338,,"10,19"
n163,935.7157947529952,583.6739974930805,,"11,19"
n167,936.8772264925891,634.0578048058022,,"12,19"
n173,936.21316161571,680.8379280552118,,"13,19"
n62,936.0324455617487,727.335269956407,,"14,19"
n64,936.0324455617487,773.9152189168885,,"15,19"
n63,936.0324455617487,823.2036695168352,,"16,19"
n67,937.1938773013426,873.587476829557,,"17,19"
n73,936.5298124244634,920.3676000789666,,"18,19"
n510,936.2428918024088,973.7475911444806,,"19,19"
n509,936.2428918024088,1023.0360417444273,,"20,19"
n512,937.4043235420027,1073.419849057149,"21,19","21,19"
n361,989.9380235462678,333.1124108136781,,"6,20"
n364,991.0994552858617,383.4962181263998,,"7,20"
n368,990.4353904089826,430.2763413758094,,"8,20"
n161,983.9900358170786,487.5055079503456,,"9,20"
n154,983.3100333831543,533.8755450676906,,"10,20"
n151,983.1950619372262,584.0044942814924,,"11,20"
n156,982.6850601117831,631.5556083497214,,"12,20"
n171,983.8591268141054,681.8340253705306,,"13,20"
n61,984.3066866258321,727.0351799741004,,"14,20"
n54,983.6266841919078,773.4052170914454,,"15,20"
n51,983.5117127459797,823.5341663052471,,"16,20"
n56,983.0017109205365,871.0852803734763,,"17,20"
n71,984.1757776228588,921.3636973942854,,"18,20"
n505,983.8371304325678,973.2375893190374,,"19,20"
n502,983.7221589866399,1023.3665385328392,,"20,20"
n507,983.2121571611965,1070.9176526010683,"21,20","21,20"
n356,1037.4172907304987,333.44290760209,,"6,21"
n359,1036.9072889050558,380.9940216703192,,"7,21"
n366,1038.081355607378,431.27243869112823,,"8,21"
n159,1031.1941164425612,485.97550247401597,,"9,21"
n152,1032.0441194849664,534.3855468931338,,"10,21"
n150,1031.5341176595234,583.6739974930805,,"11,21"
n155,1031.3641170510423,632.0656101751646,,"12,21"
n165,1032.5302149748422,681.4707714546408,,"13,21"
n59,1031.5107672513147,725.5051744977708,,"14,21"
n52,1032.36077029372,773.9152189168885,,"15,21"
n50,1031.8507684682768,823.2036695168352,,"16,21"
n55,1031.6807678597959,871.5952821989194,,"17,21"
n65,1032.8468657835956,921.0004434783957,,"18,21"
n503,1032.5712165343803,973.7475911444806,,"19,21"
n501,1032.0612147089369,1023.0360417444273,,"20,21"
n506,1031.8912141004557,1071.4276544265115,"21,21","21,21"
n355,1085.7563464527962,333.1124108136781,,"6,22"
n358,1085.586345844315,381.5040234957624,,"7,22"
n362,1086.752443768115,430.90918477523866,,"8,22"
n160,1081.410112485693,485.6355012570538,,"9,22"
n157,1082.0101003160712,533.8755450676906,,"10,22"
n153,1081.2401118772118,583.1639956676371,,"11,22"
n158,1080.8200960567042,632.7456126090889,,"12,22"
n172,1082.90027406941,682.1660578089701,,"13,22"
n60,1081.7267632944463,725.1651732808086,,"14,22"
n57,1082.3267511248248,773.4052170914454,,"15,22"
n53,1081.5567626859654,822.693667691392,,"16,22"
n58,1081.1367468654576,872.2752846328436,,"17,22"
n72,1083.2169248781634,921.695729832725,,"18,22"
n508,1082.5371973654846,973.2375893190374,,"19,22"
n504,1081.7672089266252,1022.526039918984,"20,22","20,22"
n357,1135.4623406704845,332.6024089882349,,"6,23"
n360,1135.042324849977,382.18402592968647,,"7,23"
n367,1137.1225028626827,431.6044711295679,,"8,23"
n170,1128.7991727989638,486.9715997893347,,"9,23"
n168,1132.783562060239,536.5683385716723,,"10,23"
n166,1125.8108808530078,584.3365267199318,,"11,23"
n169,1129.4632376758432,634.8759327341173,,"12,23"
n174,1127.803075483645,680.5058956167724,,"13,23"
n70,1129.1158236077174,726.5012718130895,,"14,23"
n68,1133.1002128689925,776.0980105954271,,"15,23"
n66,1126.1275316617612,823.8661987436867,,"16,23"
n69,1129.7798884845965,874.4056047578721,,"17,23"
n74,1128.1197262923986,920.0355676405271,,"18,23"
n513,1133.3106591096525,975.9303828230192,,"19,23"
n511,1126.3379779024212,1023.6985709712787,"20,23","20,23"
n363,1180.0331096462805,333.77494004052966,,"6,24"
n365,1183.685466469116,384.3143460547149,,"7,24"
n369,1182.0253042769177,429.94430893736995,,"8,24"
n283,1180.841128331802,482.84243567228236,,"9,24"
n281,1181.4411161621806,531.0824794829192,,"10,24"
n280,1180.6711277233212,580.3709300828656,,"11,24"
n282,1180.2511119028134,629.9525470243174,,"12,24"
n288,1182.3312899155192,679.3729922241986,,"13,24"
n248,1181.1577791405557,722.3721076960372,,"14,24"
n246,1181.757766970934,770.612151506674,,"15,24"
n245,1180.9877785320746,819.9006021066206,,"16,24"
n247,1180.567762711567,869.4822190480721,,"17,24"
n253,1182.6479407242728,918.9026642479536,,"18,24"
n562,1181.968213211594,970.444523734266,,"19,24"
n561,1181.1982247727346,1019.7329743342126,"20,24","20,24"
n442,1227.496295269549,383.827858213979,,"7,25"
n441,1231.480684530824,433.42459699631667,,"8,25"
n287,1228.2301886450732,484.1785342045632,,"9,25"
n285,1232.2145779063483,533.7752729869009,,"10,25"
n284,1225.241896699117,581.5434611351603,,"11,25"
n286,1228.8942535219524,632.0828671493458,,"12,25"
n289,1227.2340913297544,677.7128300320009,,"13,25"
n252,1228.5468394538266,723.7082062283181,,"14,25"
n250,1232.5312287151019,773.3049450106556,,"15,25"
n249,1225.5585475078706,821.0731331589153,,"16,25"
n251,1229.210904330706,871.6125391731006,,"17,25"
n254,1227.5507421385078,917.2425020557556,,"18,25"
n564,1232.741674955762,973.1373172382476,,"19,25"
n563,1225.7689937485306,1020.9055053865073,"20,25","20,25"
n437,1276.667517174906,385.95261170970304,,"7,26"
n438,1276.667517174906,432.53256067018464,,"8,26"
n267,1277.4014105504302,486.3032877002872,,"9,26"
n269,1277.4014105504302,532.8832366607688,,"10,26"
n268,1277.4014105504302,582.1716872607154,,"11,26"
n272,1278.5628422900243,632.5554945734372,,"12,26"
n278,1277.8987774131451,679.3356178228468,,"13,26"
n232,1277.7180613591838,725.8329597240421,,"14,26"
n234,1277.7180613591838,772.4129086845236,,"15,26"
n233,1277.7180613591838,821.7013592844702,,"16,26"
n237,1278.8794930987779,872.0851665971919,,"17,26"
n243,1278.2154282218985,918.8652898466015,,"18,26"
n554,1277.9285075998441,972.2452809121156,,"19,26"
n553,1277.9285075998441,1021.5337315120622,,"20,26"
n557,1279.089939339438,1071.917538824784,"21,26","21,26"
n560,1278.4258744625586,1118.6976620741934,"22,26","22,26"
n599,1281.8305521109896,1167.564209126503,"23,26","23,26"
n600,1281.4998648269755,1216.015715630763,"24,26","24,26"
n601,1284.7346235715058,1262.3920193947758,"25,26","25,26"
n436,1324.9417582389895,385.6525217273964,,"7,27"
n432,1324.2617558050651,432.02255884474147,,"8,27"
n266,1325.6756516145138,486.0031977179806,,"9,27"
n259,1324.9956491805895,532.3732348353257,,"10,27"
n256,1324.8806777346613,582.5021840491273,,"11,27"
n261,1324.3706759092183,630.0532981173563,,"12,27"
n276,1325.5447426115406,680.3317151381656,,"13,27"
n231,1325.9923024232671,725.5328697417355,,"14,27"
n224,1325.312299989343,771.9029068590804,,"15,27"
n221,1325.1973285434149,822.0318560728821,,"16,27"
n226,1324.6873267179717,869.5829701411113,,"17,27"
n241,1325.861393420294,919.8613871619203,,"18,27"
n549,1325.5227462300031,971.7352790866724,,"19,27"
n546,1325.4077747840747,1021.8642283004741,,"20,27"
n551,1324.8977729586318,1069.4153423687035,,"21,27"
n559,1326.071839660954,1119.6937593895123,"22,27","22,27"
n603,1323.304542082454,1217.5417575487857,"24,27","24,27"
n602,1329.228315476835,1256.888254652604,"25,27","25,27"
n692,1335.2151942368514,1309.3759517451724,"26,27","26,27"
n693,1330.5219142821188,1353.4028273433028,"27,27","27,27"
n688,1330.115810151054,1405.978793860357,"28,27","28,27"
n699,1329.7863389665722,1447.2238529431688,"29,27","29,27"
n707,1331.4944691522142,1502.7355262447863,"30,27","30,27"
n715,1331.1649979677325,1543.9805853275982,"31,27","31,27"
n434,1372.1458388644721,384.12251625106677,,"7,28"
n431,1372.9958419068773,432.53256067018464,,"8,28"
n264,1372.8797322399964,484.47319224165096,,"9,28"
n257,1373.7297352824016,532.8832366607688,,"10,28"
n255,1373.2197334569587,582.1716872607154,,"11,28"
n260,1373.0497328484776,630.5632999427995,,"12,28"
n270,1374.2158307722775,679.9684612222758,,"13,28"
n229,1373.1963830487498,724.0028642654057,,"14,28"
n222,1374.046386091155,772.4129086845236,,"15,28"
n220,1373.536384265712,821.7013592844702,,"16,28"
n225,1373.366383657231,870.0929719665545,,"17,28"
n235,1374.5324815810309,919.4981332460308,,"18,28"
n547,1374.256832331815,972.2452809121156,,"19,28"
n545,1373.7468305063721,1021.5337315120622,,"20,28"
n550,1373.576829897891,1069.9253441941464,"21,28","21,28"
n555,1374.742927821691,1119.330505473623,"22,28","22,28"
n674,1378.7084979041529,1216.9275194317663,"24,28","24,28"
n677,1379.480856304665,1261.0366309801557,,"25,28"
n691,1377.1700247148951,1306.2046300956622,,"26,28"
n683,1377.6208003879913,1356.2103786649911,,"27,28"
n685,1378.7868983117908,1405.6155399444672,,"28,28"
n698,1378.457427127309,1446.860599027279,,"29,28"
n706,1380.165557312951,1502.3722723288965,,"30,28"
n714,1379.8360861284693,1543.6173314117084,"31,28","31,28"
n435,1422.361834907604,383.7825150341046,,"7,29"
n433,1422.9618227379822,432.02255884474147,,"8,29"
n265,1423.0957282831282,484.1331910246888,,"9,29"
n262,1423.6957161135065,532.3732348353257,,"10,29"
n258,1422.925727674647,581.661685435272,,"11,29"
n263,1422.5057118541395,631.2433023767238,,"12,29"
n277,1424.5858898668453,680.663747576605,,"13,29"
n230,1423.4123790918816,723.6628630484437,,"14,29"
n227,1424.0123669222598,771.9029068590804,,"15,29"
n223,1423.2423784834004,821.191357459027,,"16,29"
n228,1422.8223626628928,870.7729744004786,,"17,29"
n242,1424.9025406755986,920.19341960036,,"18,29"
n552,1424.22281316292,971.7352790866724,,"19,29"
n548,1423.4528247240605,1021.023729686619,"20,29","20,29"
n673,1422.2335643212766,1215.168951737065,"24,29","24,29"
n676,1428.1519444654018,1260.6733770642659,,"25,29"
n682,1427.4967952141608,1307.3087641574637,,"26,29"
n684,1427.0767793936532,1356.8903810989152,,"27,29"
n689,1429.156957406359,1406.3108262987964,,"28,29"
n700,1428.8274862218773,1447.5558853816083,,"29,29"
n708,1430.5356164075192,1503.0675586832258,,"30,29"
n716,1430.2061452230375,1544.3126177660376,"31,29","31,29"
n718,1474.7257152717705,338.1167049634085,,"6,30"
n440,1469.7508952208748,385.1186135663855,,"7,30"
n439,1473.73528448215,434.7153523487231,,"8,30"
n275,1470.484788596399,485.46928955696967,,"9,30"
n273,1474.4691778576744,535.0660283393073,,"10,30"
n271,1467.496496650443,582.8342164875668,,"11,30"
n274,1471.1488534732785,633.3736225017523,,"12,30"
n279,1469.4886912810803,679.0035853844073,,"13,30"
n240,1470.8014394051525,724.9989615807245,,"14,30"
n238,1474.7858286664277,774.5957003630621,,"15,30"
n236,1467.8131474591964,822.3638885113218,,"16,30"
n239,1471.4655042820318,872.903294525507,,"17,30"
n244,1469.8053420898336,918.5332574081621,,"18,30"
n558,1474.9962749070878,974.4280725906541,,"19,30"
n556,1468.0235936998565,1022.1962607389138,"20,30","20,30"
n672,1481.3602526603795,1214.9667860975492,"24,30","24,30"
n678,1478.52200355997,1261.3686634185951,,"25,30"
n686,1472.0675641899563,1308.4812952097584,,"26,30"
n687,1475.7199210127922,1359.0207012239437,,"27,30"
n690,1474.059758820594,1404.6506641065987,,"28,30"
n701,1473.7302876361123,1445.8957231894105,,"29,30"
n709,1475.4384178217542,1501.407396491028,,"30,30"
n717,1475.1089466372725,1542.65245557384,"31,30","31,30"
n457,1524.0000227851492,337.9810582470333,,"6,31"
n452,1523.4632517178115,379.47945837282583,,"7,31"
n451,1527.4476409790866,429.07619715516347,,"8,31"
n429,1524.1971450933358,479.83013436341,,"9,31"
n427,1528.181534354611,529.4268731457477,,"10,31"
n426,1521.2088531473796,577.1950612940071,,"11,31"
n428,1524.861209970215,627.7344673081926,,"12,31"
n430,1523.201047778017,673.3644301908477,,"13,31"
n404,1524.5137959020892,719.3598063871649,,"14,31"
n402,1528.4981851633645,768.9565451695024,,"15,31"
n401,1521.5255039561332,816.7247333177621,,"16,31"
n403,1525.1778607789686,867.2641393319474,,"17,31"
n405,1523.5176985867704,912.8941022146024,,"18,31"
n580,1528.7086314040243,968.7889173970945,,"19,31"
n579,1521.735950196793,1016.5571055453541,"20,31","20,31"
n675,1525.1749513389768,1164.7019112110245,"23,31","23,31"
n671,1520.216112911947,1211.6518163476626,,"24,31"
n640,1527.0808860303762,1264.2630544860817,,"25,31"
n680,1532.1077001963615,1314.874350105524,,"26,31"
n681,1527.414420241629,1358.9012257036543,,"27,31"
n658,1527.008316110564,1411.4771922207085,,"28,31"
n695,1526.6788449260823,1452.7222513035204,,"29,31"
n703,1528.3869751117243,1508.2339246051379,,"30,31"
n711,1528.0575039272426,1549.4789836879497,"31,31","31,31"
n456,1573.1712446905062,340.1058117427573,,"6,32"
n449,1572.6344736231686,381.60421186854984,,"7,32"
n450,1572.6344736231686,428.18416082903144,,"8,32"
n418,1573.3683669986929,481.95488785913403,,"9,32"
n420,1573.3683669986929,528.5348368196156,,"10,32"
n419,1573.3683669986929,577.8232874195622,,"11,32"
n422,1574.529798738287,628.207094732284,,"12,32"
n425,1573.8657338614078,674.9872179816936,,"13,32"
n388,1573.6850178074465,721.4845598828889,,"14,32"
n390,1573.6850178074465,768.0645088433704,,"15,32"
n389,1573.6850178074465,817.352959443317,,"16,32"
n393,1574.8464495470405,867.7367667560387,,"17,32"
n399,1574.1823846701611,914.5168900054483,,"18,32"
n571,1573.8954640481065,967.8968810709624,"19,32","19,32"
n670,1574.6735950854934,1162.6823863123332,"23,32","23,32"
n635,1574.5858762673136,1214.494639290716,,"24,32"
n637,1575.751974191113,1263.899800570192,,"25,32"
n679,1574.0625306744053,1311.7030284560137,,"26,32"
n653,1574.5133063475014,1361.7087770253427,,"27,32"
n655,1575.6794042713009,1411.1139383048187,,"28,32"
n694,1575.3499330868192,1452.3589973876306,,"29,32"
n702,1577.0580632724611,1507.870670689248,,"30,32"
n710,1576.7285920879795,1549.11572977206,"31,32","31,32"
n455,1621.4454857545898,339.80572176045064,,"6,33"
n448,1620.908714687252,381.3041218862432,,"7,33"
n444,1620.2287122533278,427.6741590035883,,"8,33"
n417,1621.6426080627764,481.6547978768274,,"9,33"
n410,1620.962605628852,528.0248349941725,,"10,33"
n407,1620.847634182924,578.1537842079741,,"11,33"
n412,1620.337632357481,625.7048982762032,,"12,33"
n423,1621.5116990598033,675.9833152970124,,"13,33"
n387,1621.9592588715298,721.1844699005823,,"14,33"
n380,1621.2792564376057,767.5545070179272,,"15,33"
n377,1621.1642849916775,817.6834562317289,,"16,33"
n382,1620.6542831662343,865.2345702999581,,"17,33"
n397,1621.8283498685566,915.5129873207671,,"18,33"
n567,1621.4897026782655,967.3868792455193,"19,33","19,33"
n576,1622.0387961092165,1115.3453595483593,"22,33","22,33"
n634,1624.461871093483,1165.5930247831884,,"23,33"
n636,1624.0418552729755,1215.17464172464,,"24,33"
n641,1626.1220332856813,1264.5950869245212,,"25,33"
n652,1624.389301173671,1312.8071625178152,,"26,33"
n654,1623.9692853531633,1362.3887794592667,,"27,33"
n659,1626.049463365869,1411.809224659148,,"28,33"
n696,1625.7199921813874,1453.0542837419598,,"29,33"
n704,1627.4281223670293,1508.5659570435773,,"30,33"
n712,1627.0986511825477,1549.8110161263892,"31,33","31,33"
n453,1668.6495663800724,338.275716284121,,"6,34"
n446,1668.1127953127348,379.7741164099136,,"7,34"
n443,1668.96279835514,428.18416082903144,,"8,34"
n415,1668.846688688259,480.12479240049777,,"9,34"
n408,1669.6966917306643,528.5348368196156,,"10,34"
n406,1669.1866899052213,577.8232874195622,,"11,34"
n411,1669.0166892967402,626.2149001016463,,"12,34"
n421,1670.1827872205401,675.6200613811226,,"13,34"
n385,1669.1633394970124,719.6544644242525,,"14,34"
n378,1670.0133425394176,768.0645088433704,,"15,34"
n376,1669.5033407139747,817.352959443317,,"16,34"
n381,1669.3333401054936,865.7445721254013,,"17,34"
n391,1670.4994380292935,915.1497334048776,,"18,34"
n565,1670.2237887800775,967.8968810709624,"19,34","19,34"
n568,1669.5437863461539,1065.5769443529935,"21,34","21,34"
n572,1670.7098842699534,1114.9821056324695,,"22,34"
n638,1669.0326400692786,1166.7655558354832,,"23,34"
n639,1672.6849968921144,1217.3049618496684,,"24,34"
n642,1671.0248346999163,1262.9349247323235,,"25,34"
n656,1668.9600701494664,1313.97969357011,,"26,34"
n657,1672.6124269723023,1364.5190995842952,,"27,34"
n660,1670.952264780104,1410.1490624669502,,"28,34"
n697,1670.6227935956224,1451.394121549762,,"29,34"
n705,1672.3309237812643,1506.9057948513796,,"30,34"
n713,1672.0014525967827,1548.1508539341914,"31,34","31,34"
n454,1718.8655624232042,337.93571506715887,,"6,35"
n447,1718.3287913558665,379.4341151929514,,"7,35"
n445,1718.9287791862448,427.6741590035883,,"8,35"
n416,1719.0626847313908,479.7847911835356,,"9,35"
n413,1719.662672561769,528.0248349941725,,"10,35"
n409,1718.8926841229097,577.3132855941188,,"11,35"
n414,1718.472668302402,626.8949025355706,,"12,35"
n424,1720.552846315108,676.3153477354518,,"13,35"
n386,1719.3793355401442,719.3144632072905,,"14,35"
n383,1719.9793233705225,767.5545070179272,,"15,35"
n379,1719.209334931663,816.8429576178738,,"16,35"
n384,1718.7893191111555,866.4245745593254,,"17,35"
n398,1720.8694971238613,915.8450197592068,,"18,35"
n569,1720.1897696111828,967.3868792455193,,"19,35"
n566,1719.4197811723234,1016.6753298454659,"20,35","20,35"
n570,1718.9997653518158,1066.2569467869175,,"21,35"
n577,1721.0799433645216,1115.6773919867987,,"22,35"
n643,1717.3468247543399,1163.1086534339606,,"23,35"
n644,1720.9991815771748,1213.648059448146,,"24,35"
n645,1719.3390193849766,1259.278022330801,,"25,35"
n661,1717.2742548345277,1310.3227911685874,,"26,35"
n662,1720.9266116573626,1360.8621971827727,,"27,35"
n663,1719.2664494651644,1406.4921600654277,"28,35","28,35"
n396,1766.768395853415,720.6505617395713,,"14,36"
n394,1770.7527851146904,770.2473005219089,,"15,36"
n392,1763.780103907459,818.0154886701686,,"16,36"
n395,1767.4324607302945,868.5548946843538,,"17,36"
n400,1765.7722985380963,914.1848575670089,,"18,36"
n574,1770.9632313553502,970.0796727495009,,"19,36"
n573,1763.990550148119,1017.8478608977606,,"20,36"
n575,1767.6429069709548,1068.387266911946,,"21,36"
n578,1765.9827447787566,1114.017229794601,,"22,36"
n646,1765.5236105754868,1169.1075547688097,,"23,36"
n647,1769.1759673983227,1219.6469607829952,,"24,36"
n648,1767.5158052061245,1265.2769236656502,,"25,36"
n664,1765.4510406556747,1316.3216925034365,,"26,36"
n665,1769.1033974785105,1366.861098517622,,"27,36"
n666,1767.4432352863123,1412.491061400277,"28,36","28,36"
n458,1812.09428859252,814.3585862686461,,"16,37"
n459,1815.7466454153553,864.8979922828314,,"17,37"
n460,1814.086483223157,910.5279551654864,,"18,37"
n584,1815.06043892036,968.1744829300201,,"19,37"
n581,1812.3047348331802,1014.1909584962382,,"20,37"
n582,1815.957091656015,1064.7303645104234,,"21,37"
n583,1814.296929463817,1110.3603273930785,,"22,37"
n649,1813.837795260548,1165.4506523672871,,"23,37"
n650,1817.490152083383,1215.9900583814726,,"24,37"
n651,1815.8299898911848,1261.6200212641277,,"25,37"
n667,1813.765225340736,1312.664790101914,,"26,37"
n668,1817.4175821635708,1363.2041961160994,,"27,37"
n669,1815.7574199713727,1408.8341589987544,"28,37","28,37"
n585,1862.2632690443045,916.5268565003355,,"18,38"
n587,1867.2417011009572,965.1966458223823,,"19,38"
n586,1868.1315480359751,1016.1523453796618,,"20,38"
n588,1864.133877477163,1070.7292658452727,,"21,38"
n589,1862.4737152849648,1116.3592287279278,"22,38","22,38"
n593,1911.5514094265682,970.5164818633467,,"19,39"
n590,1908.7957053393884,1016.5329574295648,,"20,39"
n591,1912.4480621622233,1067.0723634437502,,"21,39"
n592,1910.7878999700251,1112.7023263264052,"22,39","22,39"
